drug_name,reason_code,source_url,source_quote,details
Veletri,individual_reporting_discontinued,https://www.globenewswire.com/news-release/2017/02/14/916716/0/en/Actelion-announces-excellent-financial-results-for-2016.html,Sales by product FY2016: Veletri CHF 97 million; Q4 2016 CHF 26 million.,Early standalone quarters are missing and J&J aggregates Veletri after the acquisition.
Ventavis,individual_reporting_discontinued,https://www.globenewswire.com/news-release/2017/02/14/916716/0/en/Actelion-announces-excellent-financial-results-for-2016.html,Sales by product FY2016: Ventavis CHF 73 million; Q4 2016 CHF 15 million.,CoTherix has a 2006Q4 gap and J&J aggregates Ventavis after the acquisition.
Flolan,incomplete_pre_peak_history,https://www.sec.gov/Archives/edgar/data/1131399/000119163812000433/gsk201203286k.htm,GSK reports Flolan turnover of GBP 195 million in 2010 and GBP 179 million in 2011.,"The product launched in 1995; public comparable history before 2010 is missing, so GBP 195 million is only a highest observed value, not a lifetime peak."
Alyq,no_standalone_product_sales,https://www.sec.gov/Archives/edgar/data/818686/000119312520044221/R27.htm,Teva reports U.S. generic products as an aggregate; Alyq is not separately reported.,Do not assign Adcirca market sales or Teva generic-portfolio revenue to Alyq.
Tadliq,private_issuer_no_public_sales,https://cmppharma.com/news/cmp-announces-tadliq-is-now-available/,CMP Pharma announced Tadliq commercial availability but disclosed no product sales.,"Approval, availability, price, and pharmacy listings are not product revenue."
Liqrev,private_issuer_no_public_sales,https://www.prnewswire.com/news-releases/cmp-pharma-inc-announces-that-liqrev-the-first-and-only-ready-made-fda-approved-liquid-suspension-of-sildenafil-is-now-available-301856229.html,CMP Pharma announced Liqrev commercial availability but disclosed no product sales.,The product was later discontinued; no public product-level sales were found.
Velsipity,not_reported_separately,https://www.sec.gov/Archives/edgar/data/78003/000007800324000039/pfe-20231231.htm,"Specialty Care: Inflammation & immunology : Xeljanz, Enbrel (outside the U.S. and Canada), Inflectra, Cibinqo, Litfulo and Velsipity","Pfizer never prints Velsipity (etrasimod) revenue on its own line in any earnings release, 10-Q or 10-K from approval (Oct 2023) through the second quarter of 2026. Its Specialty Care product table lists Vyndaqel family, Xeljanz, Cibinqo and other named lines and closes with 'All other Specialty Care'; the FY2023 10-K lists Velsipity among Inflammation & immunology products without revenue. Measured: 0 of 12 releases (2023Q3-2026Q2) carry a Velsipity row with figures. Inferred: Velsipity revenue sits in 'All other Specialty Care' (the filings do not say so)."
Esperoct,aggregated_with_other_products,https://www.sec.gov/Archives/edgar/data/353278/000035327826000023/caq22026.htm,"Rare blood disorders 6 | 2,896 | (6%) | (4%) | 5,529 ... 6) Comprises NovoSeven, NovoEight, Esperoct, Refixia, NovoThirteen and Alhemo.","Novo Nordisk never prints Esperoct (turoctocog alfa pegol) as its own line. In every quarterly financial report read (31 reports, the Q4 2018 report through the Q2 2026 report, 6-K exhibits caq{q}{yyyy}.htm; the only table rows that name Esperoct are the footnotes 'Comprises ...'), Esperoct is one of the products inside a larger line: 'Haemophilia' / 'Rare blood disorders', whose footnote lists NovoSeven, NovoEight, Esperoct, Refixia, NovoThirteen (and Alhemo from 2024). Running text gives only a country count for Esperoct (e.g. launched in nine countries, FY2019 report) and, from FY2021, a haemophilia A products class total (which, by inference, is NovoEight plus Esperoct, not Esperoct alone); no Esperoct sales figure appears in any table or sentence. No quarterly series can be cited without interpolation or summation across products, so none is staged."
Cinqair,aggregated_with_other_products,https://www.sec.gov/Archives/edgar/data/818686/000119312516671785/d187194d6k.htm,"Our respiratory portfolio includes ProAir ® , QVAR ® , DuoResp Spiromax ® , Qnasl ® and Cinqair ® . Revenues from our specialty respiratory products in the second quarter of 2016 were $313 million, an increase of 24% compared to the second quarter of 2015.","Teva never prints Cinqair (Cinqaero outside the U.S.) revenue as a line, a figure or a table row in any 6-K, 8-K, 10-Q, 10-K or 20-F from April 2016 to September 2026; it is folded into 'specialty respiratory products' (ProAir, QVAR, DuoResp Spiromax, Qnasl and Cinqair in Q2 2016) and, in the segment tables from 2018, into the generic 'Other' or the respiratory lines. Launch was April 2016 (U.S.)."
Hemgenix,half_year_reporting_only,https://investors.csl.com/pdf/8de0cb12-3422-4aa2-976b-2208c153eb0c/CSL-Half-Year-Results-Investor-Presentation.pdf?Platform=ListPage,"CSL half-year results presentation 11 February 2026, CSL Behring product table (US$ million, half-year growth) | Hemgenix | Haemophilia | 57 | 16%","CSL reports half-year and full-year (fiscal year July-June) results; Hemgenix appears as a half-year product row. No quarterly figure exists to cite and none is interpolated. (Absence of any CSL quarterly sales release was inferred from CSL's reporting calendar, not exhaustively crawled.)"
Ilumya,aggregated_with_other_products,https://sunpharma.com/wp-content/uploads/2026/07/Press-Release-Sun-Pharma-Q1FY27-Financial-Result.pdf,"Global Innovative Medicines sales at US$ 351 million, up 12.8% and accounting for 21.9% of sales. (Presentation: Ilumya, Cequa & Odomzo led growth for IM, offset by a decline in Generics)","Sun Pharma's quarterly press release and earnings presentation report 'Global Innovative Medicines' sales in aggregate and name Ilumya only as a growth driver, with no Ilumya sales figure; the FY2025-26 annual report text mentions Ilumya without a sales figure (grep of the extracted text for Ilumya lines carrying sales amounts found none). Only the Q1FY27 documents were read in full; earlier quarters were not individually checked."
Jivi,aggregated_with_other_products,https://reports.bayer.com/half-year-financial-report-q2-2026/en/interim-group-management-report/sales-earnings-and-financial-position/business-development-by-division/pharmaceuticals.html,"Kovaltry/Jivi Best-Selling Pharmaceuticals Products, Q2 2025 and Q2 2026 then H1 2025 and H1 2026, EUR million, change-percentage columns omitted | 150 | 132 | 308 | 261","Bayer prints Jivi (damoctocog alfa pegol) only inside a combined hemophilia A row of the Best-Selling Pharmaceuticals Products table: Kogenate/Kovaltry/Jivi through at least the Q2 2024 report, Kovaltry/Jivi from the Q1 2025 report onward. The row definition therefore changed (Kogenate dropped), no document prints Jivi alone, and the earlier combined line is dominated by Kogenate and Kovaltry (Jivi launched 2018). A one-product series cannot be cited; a product-family series for 'Kogenate/Kovaltry/Jivi' could be built from the same documents on request but would not measure Jivi."
Spiriva,half_year_reporting_only,https://www.boehringer-ingelheim.com/us/media/press-releases/financial-year-2018,"Boehringer Ingelheim, Financial year 2018 press release | As in previous years, the respiratory medicine SPIRIVA® achieved the highest net sales contributions with 2.4 billion euros (-11.4% currency-adjusted)","Boehringer Ingelheim is privately held, files nothing with the SEC, and reports only half-year (July) and full-year (March) results; Spiriva appears as an annual figure in its full-year releases, never as a quarter. Its recent releases name only the largest products (H1 2025 and FY2025 releases on boehringer-ingelheim.com print Jardiance and Ofev only). Pfizer, the former co-promoter, prints Spiriva only inside an aggregated Alliance revenues line. Read through the Tavily extract connector, since boehringer-ingelheim.com serves a bot challenge to direct requests from the verification environment. No quarterly figure exists to cite and none is interpolated."
