period,value_reported,source_url,source_quote,derivation,precision,context,source_type,source_unit,source_value_reported,currency,row_label,issuer
2017Q2,25.945,https://www.sec.gov/Archives/edgar/data/1491576/000110465917050247/a17-19099_1ex99d1.htm,"ZEJULA net product revenue, three months ended June 30 2016 then 2017, then six months ended June 30 2016 then 2017, USD thousands | — | 25,945 | — | 25,945",direct_reported,as_reported,"TESARO, Inc. earnings release (Form 8-K 0001104659-17-050247, filed 2017-08-08, EX-99.1), condensed consolidated statements of operations, ""Product revenue, net: ZEJULA"" row, USD thousands as printed (converted to millions). Tesaro-booked product sales (U.S. launch April 2017; the Q3 2018 release states ZEJULA is also launched in Germany, the U.K., Italy and other European countries). Column order differs between releases and was read from each table header. Pre-acquisition piece of the Zejula history; GSK acquired Tesaro on 22 Jan 2019.",sec_filing,thousands,25945,USD,ZEJULA,Tesaro
2017Q3,39.375,https://www.sec.gov/Archives/edgar/data/1491576/000110465917066634/a17-26155_1ex99d1.htm,"ZEJULA net product revenue, three months ended September 30 2016 then 2017, then nine months ended September 30 2016 then 2017, USD thousands | — | 39,375 | — | 65,321",direct_reported,as_reported,"TESARO, Inc. earnings release (Form 8-K 0001104659-17-066634, filed 2017-11-07, EX-99.1), condensed consolidated statements of operations, ""Product revenue, net: ZEJULA"" row, USD thousands as printed (converted to millions). Tesaro-booked product sales (U.S. launch April 2017; the Q3 2018 release states ZEJULA is also launched in Germany, the U.K., Italy and other European countries). Column order differs between releases and was read from each table header. Pre-acquisition piece of the Zejula history; GSK acquired Tesaro on 22 Jan 2019.",sec_filing,thousands,39375,USD,ZEJULA,Tesaro
2017Q4,43.436,https://www.sec.gov/Archives/edgar/data/1491576/000110465918012764/a18-7186_1ex99d1.htm,"ZEJULA net product revenue, three months ended December 31 2016 then 2017, then twelve months ended December 31 2016 then 2017, USD thousands | — | 43,436 | — | 108,756",direct_reported,as_reported,"TESARO, Inc. earnings release (Form 8-K 0001104659-18-012764, filed 2018-02-27, EX-99.1), condensed consolidated statements of operations, ""Product revenue, net: ZEJULA"" row, USD thousands as printed (converted to millions). Tesaro-booked product sales (U.S. launch April 2017; the Q3 2018 release states ZEJULA is also launched in Germany, the U.K., Italy and other European countries). Column order differs between releases and was read from each table header. Pre-acquisition piece of the Zejula history; GSK acquired Tesaro on 22 Jan 2019.",sec_filing,thousands,43436,USD,ZEJULA,Tesaro
2018Q1,48.869,https://www.sec.gov/Archives/edgar/data/1491576/000110465918030252/a18-12755_1ex99d1.htm,"ZEJULA net product revenue, three months ended March 31 2017 then 2018, USD thousands | — | 48,869",direct_reported,as_reported,"TESARO, Inc. earnings release (Form 8-K 0001104659-18-030252, filed 2018-05-03, EX-99.1), condensed consolidated statements of operations, ""Product revenue, net: ZEJULA"" row, USD thousands as printed (converted to millions). Tesaro-booked product sales (U.S. launch April 2017; the Q3 2018 release states ZEJULA is also launched in Germany, the U.K., Italy and other European countries). Column order differs between releases and was read from each table header. Pre-acquisition piece of the Zejula history; GSK acquired Tesaro on 22 Jan 2019.",sec_filing,thousands,48869,USD,ZEJULA,Tesaro
2018Q2,53.894,https://www.sec.gov/Archives/edgar/data/1491576/000110465918049183/a18-18141_1ex99d1.htm,"ZEJULA net product revenue, three months ended June 30 2017 then 2018, then six months ended June 30 2017 then 2018, USD thousands | 25,945 | 53,894 | 25,945 | 102,763",direct_reported,as_reported,"TESARO, Inc. earnings release (Form 8-K 0001104659-18-049183, filed 2018-08-02, EX-99.1), condensed consolidated statements of operations, ""Product revenue, net: ZEJULA"" row, USD thousands as printed (converted to millions). Tesaro-booked product sales (U.S. launch April 2017; the Q3 2018 release states ZEJULA is also launched in Germany, the U.K., Italy and other European countries). Column order differs between releases and was read from each table header. Pre-acquisition piece of the Zejula history; GSK acquired Tesaro on 22 Jan 2019.",sec_filing,thousands,53894,USD,ZEJULA,Tesaro
2018Q3,63.226,https://www.sec.gov/Archives/edgar/data/1491576/000110465918065416/a18-39421_1ex99d1.htm,"ZEJULA net product revenue, three months ended September 30 2018 then 2017, then nine months ended September 30 2018 then 2017, USD thousands | 63,226 | 39,375 | 165,989 | 65,321",direct_reported,as_reported,"TESARO, Inc. earnings release (Form 8-K 0001104659-18-065416, filed 2018-11-01, EX-99.1), condensed consolidated statements of operations, ""Product revenue, net: ZEJULA"" row, USD thousands as printed (converted to millions). Tesaro-booked product sales (U.S. launch April 2017; the Q3 2018 release states ZEJULA is also launched in Germany, the U.K., Italy and other European countries). Column order differs between releases and was read from each table header. Pre-acquisition piece of the Zejula history; GSK acquired Tesaro on 22 Jan 2019.",sec_filing,thousands,63226,USD,ZEJULA,Tesaro
2019Q1,42,https://www.sec.gov/Archives/edgar/data/1131399/000165495419005118/a7578x.htm,"Zejula, first quarter 2019: worldwide total then U.S., Europe, International, GBP millions, growth-percentage columns omitted | 42 | 26 | 16 | —",direct_reported,as_reported,"GSK quarterly results announcement furnished on Form 6-K (0001654954-19-005118, filed 2019-05-01), product turnover table, row ""Zejula"", GBP millions as printed; first figure is the worldwide Group turnover for the product; following figures (where quoted) are the US, Europe and International columns.",sec_filing,millions,42,GBP,Zejula,GSK plc
2019Q2,57,https://www.sec.gov/Archives/edgar/data/1131399/000165495419008468/a5920g.htm,"Zejula, second quarter 2019: worldwide total then U.S., Europe, International, GBP millions, growth-percentage columns omitted | 57 | 33 | 24 | —",direct_reported,as_reported,"GSK quarterly results announcement furnished on Form 6-K (0001654954-19-008468, filed 2019-07-24), product turnover table, row ""Zejula"", GBP millions as printed; first figure is the worldwide Group turnover for the product; following figures (where quoted) are the US, Europe and International columns.",sec_filing,millions,57,GBP,Zejula,GSK plc
2019Q3,64,https://www.sec.gov/Archives/edgar/data/1131399/000165495419012095/a6482r.htm,"Zejula, third quarter 2019: worldwide total then U.S., Europe, International, GBP millions, growth-percentage columns omitted | 64 | 38 | 26 | —",direct_reported,as_reported,"GSK quarterly results announcement furnished on Form 6-K (0001654954-19-012095, filed 2019-10-30), product turnover table, row ""Zejula"", GBP millions as printed; first figure is the worldwide Group turnover for the product; following figures (where quoted) are the US, Europe and International columns.",sec_filing,millions,64,GBP,Zejula,GSK plc
2019Q4,66,https://www.sec.gov/Archives/edgar/data/1131399/000165495420001122/a0670c.htm,"Zejula, fourth quarter 2019: worldwide total then U.S., Europe, International, GBP millions, growth-percentage columns omitted | 66 | 37 | 29 | —",direct_reported,as_reported,"GSK quarterly results announcement furnished on Form 6-K (0001654954-20-001122, filed 2020-02-05), product turnover table, row ""Zejula"", GBP millions as printed; first figure is the worldwide Group turnover for the product; following figures (where quoted) are the US, Europe and International columns.  The row immediately above in the same table is the full-year row: 229 for the year.",sec_filing,millions,66,GBP,Zejula,GSK plc
2020Q1,81,https://www.sec.gov/Archives/edgar/data/1131399/000165495420004610/a3184l.htm,"Zejula, first quarter 2020: worldwide total then U.S., Europe, International, GBP millions, growth-percentage columns omitted | 81 | 48 | 33 | —",direct_reported,as_reported,"GSK quarterly results announcement furnished on Form 6-K (0001654954-20-004610, filed 2020-04-29), product turnover table, row ""Zejula"", GBP millions as printed; first figure is the worldwide Group turnover for the product; following figures (where quoted) are the US, Europe and International columns.",sec_filing,millions,81,GBP,Zejula,GSK plc
2020Q2,77,https://www.sec.gov/Archives/edgar/data/1131399/000165495420008105/a4934u.htm,"Zejula, second quarter 2020: worldwide total then U.S., Europe, International, GBP millions, growth-percentage columns omitted | 77 | 47 | 30 | —",direct_reported,as_reported,"GSK quarterly results announcement furnished on Form 6-K (0001654954-20-008105, filed 2020-07-29), product turnover table, row ""Zejula"", GBP millions as printed; first figure is the worldwide Group turnover for the product; following figures (where quoted) are the US, Europe and International columns.",sec_filing,millions,77,GBP,Zejula,GSK plc
2020Q3,92,https://www.sec.gov/Archives/edgar/data/1131399/000165495420011516/a4952d.htm,"Zejula, third quarter 2020: worldwide total then U.S., Europe, International, GBP millions, growth-percentage columns omitted | 92 | 57 | 33 | 2",direct_reported,as_reported,"GSK quarterly results announcement furnished on Form 6-K (0001654954-20-011516, filed 2020-10-28), product turnover table, row ""Zejula"", GBP millions as printed; first figure is the worldwide Group turnover for the product; following figures (where quoted) are the US, Europe and International columns.",sec_filing,millions,92,GBP,Zejula,GSK plc
2020Q4,89,https://www.sec.gov/Archives/edgar/data/1131399/000165495421001129/a8915n.htm,"Zejula, fourth quarter 2020: worldwide total then U.S., Europe, International, GBP millions, growth-percentage columns omitted | 89 | 54 | 32 | 3",direct_reported,as_reported,"GSK quarterly results announcement furnished on Form 6-K (0001654954-21-001129, filed 2021-02-03), product turnover table, row ""Zejula"", GBP millions as printed; first figure is the worldwide Group turnover for the product; following figures (where quoted) are the US, Europe and International columns.  The row immediately above in the same table is the full-year row: 339 for the year.",sec_filing,millions,89,GBP,Zejula,GSK plc
2021Q1,88,https://www.sec.gov/Archives/edgar/data/1131399/000165495421004723/a8880w.htm,"Zejula, first quarter 2021: worldwide total then U.S., Europe, International, GBP millions, growth-percentage columns omitted | 88 | 51 | 36 | 1",direct_reported,as_reported,"GSK quarterly results announcement furnished on Form 6-K (0001654954-21-004723, filed 2021-04-28), product turnover table, row ""Zejula"", GBP millions as printed; first figure is the worldwide Group turnover for the product; following figures (where quoted) are the US, Europe and International columns.",sec_filing,millions,88,GBP,Zejula,GSK plc
2021Q2,98,https://www.sec.gov/Archives/edgar/data/1131399/000165495421008267/a7663g.htm,"Zejula, second quarter 2021: worldwide total then U.S., Europe, International, GBP millions, growth-percentage columns omitted | 98 | 54 | 41 | 3",direct_reported,as_reported,"GSK quarterly results announcement furnished on Form 6-K (0001654954-21-008267, filed 2021-07-28), product turnover table, row ""Zejula"", GBP millions as printed; first figure is the worldwide Group turnover for the product; following figures (where quoted) are the US, Europe and International columns.",sec_filing,millions,98,GBP,Zejula,GSK plc
2021Q3,101,https://www.sec.gov/Archives/edgar/data/1131399/000165495421011403/a4369q.htm,"Zejula, third quarter 2021: worldwide total then U.S., Europe, International, GBP millions, growth-percentage columns omitted | 101 | 56 | 41 | 4",direct_reported,as_reported,"GSK quarterly results announcement furnished on Form 6-K (0001654954-21-011403, filed 2021-10-27), product turnover table, row ""Zejula"", GBP millions as printed; first figure is the worldwide Group turnover for the product; following figures (where quoted) are the US, Europe and International columns.",sec_filing,millions,101,GBP,Zejula,GSK plc
2021Q4,108,https://www.sec.gov/Archives/edgar/data/1131399/000165495422001334/a0848b1gskoriginal.htm,"Zejula, fourth quarter 2021: worldwide total then U.S., Europe, International, GBP millions, growth-percentage columns omitted | 108 | 51 | 45 | 12",direct_reported,as_reported,"GSK quarterly results announcement furnished on Form 6-K (0001654954-22-001334, filed 2022-02-09), product turnover table, row ""Zejula"", GBP millions as printed; first figure is the worldwide Group turnover for the product; following figures (where quoted) are the US, Europe and International columns.  The row immediately above in the same table is the full-year row: 395 for the year.",sec_filing,millions,108,GBP,Zejula,GSK plc
2022Q1,98,https://www.sec.gov/Archives/edgar/data/1131399/000165495422005457/q12022_26aprilfinalrns.htm,"Zejula, first quarter 2022: worldwide total then U.S., Europe, International, GBP millions, growth-percentage columns omitted | 98 | 51 | 43 | 4",direct_reported,as_reported,"GSK quarterly results announcement furnished on Form 6-K (0001654954-22-005457, filed 2022-04-27), product turnover table, row ""Zejula"", GBP millions as printed; first figure is the worldwide Group turnover for the product; following figures (where quoted) are the US, Europe and International columns.",sec_filing,millions,98,GBP,Zejula,GSK plc
2022Q2,120,https://www.sec.gov/Archives/edgar/data/1131399/000165495422010105/a8358t.htm,"Zejula, second quarter 2022: worldwide total then U.S., Europe, International, GBP millions, growth-percentage columns omitted | 120 | 63 | 48 | 9",direct_reported,as_reported,"GSK quarterly results announcement furnished on Form 6-K (0001654954-22-010105, filed 2022-07-27), product turnover table, row ""Zejula"", GBP millions as printed; first figure is the worldwide Group turnover for the product; following figures (where quoted) are the US, Europe and International columns.",sec_filing,millions,120,GBP,Zejula,GSK plc
2022Q3,120,https://www.sec.gov/Archives/edgar/data/1131399/000165495422014579/a9931e-46147302.htm,"Zejula, third quarter 2022: worldwide total then U.S., Europe, International, GBP millions, growth-percentage columns omitted | 120 | 58 | 51 | 11",direct_reported,as_reported,"GSK quarterly results announcement furnished on Form 6-K (0001654954-22-014579, filed 2022-11-02), product turnover table, row ""Zejula"", GBP millions as printed; first figure is the worldwide Group turnover for the product; following figures (where quoted) are the US, Europe and International columns.",sec_filing,millions,120,GBP,Zejula,GSK plc
2022Q4,125,https://www.sec.gov/Archives/edgar/data/1131399/000165495423001130/a4922o.htm,"Zejula, fourth quarter 2022: worldwide total then U.S., Europe, International, GBP millions, growth-percentage columns omitted | 125 | 63 | 52 | 10",direct_reported,as_reported,"GSK quarterly results announcement furnished on Form 6-K (0001654954-23-001130, filed 2023-02-01), product turnover table, row ""Zejula"", GBP millions as printed; first figure is the worldwide Group turnover for the product; following figures (where quoted) are the US, Europe and International columns.  The row immediately above in the same table is the full-year row: 463 for the year.",sec_filing,millions,125,GBP,Zejula,GSK plc
2023Q1,114,https://www.sec.gov/Archives/edgar/data/1131399/000165495423005173/a4488x.htm,"Zejula, first quarter 2023: worldwide total then U.S., Europe, International, GBP millions, growth-percentage columns omitted | 114 | 50 | 55 | 9",direct_reported,as_reported,"GSK quarterly results announcement furnished on Form 6-K (0001654954-23-005173, filed 2023-04-26), product turnover table, row ""Zejula"", GBP millions as printed; first figure is the worldwide Group turnover for the product; following figures (where quoted) are the US, Europe and International columns.",sec_filing,millions,114,GBP,Zejula,GSK plc
2023Q2,117,https://www.sec.gov/Archives/edgar/data/1131399/000165495423009691/a1738h-gsk2.htm,"Zejula, second quarter 2023: worldwide total then U.S., Europe, International, GBP millions, growth-percentage columns omitted | 117 | 51 | 57 | 9",direct_reported,as_reported,"GSK quarterly results announcement furnished on Form 6-K (0001654954-23-009691, filed 2023-07-26), product turnover table, row ""Zejula"", GBP millions as printed; first figure is the worldwide Group turnover for the product; following figures (where quoted) are the US, Europe and International columns.",sec_filing,millions,117,GBP,Zejula,GSK plc
2023Q3,140,https://www.sec.gov/Archives/edgar/data/1131399/000165495423013668/a9554r.htm,"Zejula, third quarter 2023: quarter then year-to-date, GBP millions, growth-percentage columns omitted | 140 | 371",direct_reported,as_reported,"GSK quarterly results announcement furnished on Form 6-K (0001654954-23-013668, filed 2023-11-01), product turnover table, row ""Zejula"", GBP millions as printed; first figure is the worldwide Group turnover for the product; following figures (where quoted) are the US, Europe and International columns.",sec_filing,millions,140,GBP,Zejula,GSK plc
2023Q4,152,https://www.sec.gov/Archives/edgar/data/1131399/000165495424001113/a4323b-edgar.htm,"Zejula, full year 2023 then fourth quarter 2023, GBP millions, growth-percentage columns omitted | 523 | 152",direct_reported,as_reported,"GSK quarterly results announcement furnished on Form 6-K (0001654954-24-001113, filed 2024-01-31), product turnover table, row ""Zejula"", GBP millions as printed; first figure is the worldwide Group turnover for the product; following figures (where quoted) are the US, Europe and International columns.  The row carries both the full-year and the fourth-quarter columns; the value is the fourth-quarter column.",sec_filing,millions,152,GBP,Zejula,GSK plc
2024Q1,141,https://www.sec.gov/Archives/edgar/data/1131399/000165495424005385/a6992m.htm,"Zejula, first quarter 2024: quarter, GBP millions, growth-percentage columns omitted | 141",direct_reported,as_reported,"GSK quarterly results announcement furnished on Form 6-K (0001654954-24-005385, filed 2024-05-01), product turnover table, row ""Zejula"", GBP millions as printed; first figure is the worldwide Group turnover for the product; following figures (where quoted) are the US, Europe and International columns.",sec_filing,millions,141,GBP,Zejula,GSK plc
2024Q2,165,https://www.sec.gov/Archives/edgar/data/1131399/000165495424009683/a4712y.htm,"Zejula, second quarter 2024: quarter then year-to-date, GBP millions, growth-percentage columns omitted | 165 | 306",direct_reported,as_reported,"GSK quarterly results announcement furnished on Form 6-K (0001654954-24-009683, filed 2024-07-31), product turnover table, row ""Zejula"", GBP millions as printed; first figure is the worldwide Group turnover for the product; following figures (where quoted) are the US, Europe and International columns.",sec_filing,millions,165,GBP,Zejula,GSK plc
2024Q3,144,https://www.sec.gov/Archives/edgar/data/1131399/000165495424013477/a1209k-originalv1edgarver.htm,"Zejula, third quarter 2024: quarter then year-to-date, GBP millions, growth-percentage columns omitted | 144 | 450",direct_reported,as_reported,"GSK quarterly results announcement furnished on Form 6-K (0001654954-24-013477, filed 2024-10-30), product turnover table, row ""Zejula"", GBP millions as printed; first figure is the worldwide Group turnover for the product; following figures (where quoted) are the US, Europe and International columns.",sec_filing,millions,144,GBP,Zejula,GSK plc
2024Q4,143,https://www.sec.gov/Archives/edgar/data/1131399/000165495425001166/finalresults05-0225.htm,"Zejula, fourth quarter 2024: worldwide total then U.S., Europe, International, GBP millions, growth-percentage columns omitted | 143 | 73 | 57 | 13",direct_reported,as_reported,"GSK quarterly results announcement furnished on Form 6-K (0001654954-25-001166, filed 2025-02-05), product turnover table, row ""Zejula"", GBP millions as printed; first figure is the worldwide Group turnover for the product; following figures (where quoted) are the US, Europe and International columns.  The row immediately above in the same table is the full-year row: 593 for the year.",sec_filing,millions,143,GBP,Zejula,GSK plc
2025Q1,131,https://www.sec.gov/Archives/edgar/data/1131399/000165495425004827/a7053g-59446108resubmissi.htm,"Zejula, first quarter 2025: worldwide total then U.S., Europe, International, GBP millions, growth-percentage columns omitted | 131 | 62 | 56 | 13",direct_reported,as_reported,"GSK quarterly results announcement furnished on Form 6-K (0001654954-25-004827, filed 2025-04-30), product turnover table, row ""Zejula"", GBP millions as printed; first figure is the worldwide Group turnover for the product; following figures (where quoted) are the US, Europe and International columns.",sec_filing,millions,131,GBP,Zejula,GSK plc
2025Q2,151,https://www.sec.gov/Archives/edgar/data/1131399/000165495425008641/a0713t-gskplc2ndquarterre.htm,"Zejula, second quarter 2025: worldwide total then U.S., Europe, International, GBP millions, growth-percentage columns omitted | 151 | 81 | 57 | 13",direct_reported,as_reported,"GSK quarterly results announcement furnished on Form 6-K (0001654954-25-008641, filed 2025-07-30), product turnover table, row ""Zejula"", GBP millions as printed; first figure is the worldwide Group turnover for the product; following figures (where quoted) are the US, Europe and International columns.",sec_filing,millions,151,GBP,Zejula,GSK plc
2025Q3,137,https://www.sec.gov/Archives/edgar/data/1131399/000165495425012307/a1902f-gskoriginaledgar.htm,"Zejula, third quarter 2025: worldwide total then U.S., Europe, International, GBP millions, growth-percentage columns omitted | 137 | 73 | 51 | 13",direct_reported,as_reported,"GSK quarterly results announcement furnished on Form 6-K (0001654954-25-012307, filed 2025-10-29), product turnover table, row ""Zejula"", GBP millions as printed; first figure is the worldwide Group turnover for the product; following figures (where quoted) are the US, Europe and International columns.",sec_filing,millions,137,GBP,Zejula,GSK plc
2025Q4,138,https://www.sec.gov/Archives/edgar/data/1131399/000165495426000892/a5979rv2.htm,"Zejula, fourth quarter 2025: worldwide total then U.S., Europe, International, GBP millions, growth-percentage columns omitted | 138 | 76 | 51 | 11",direct_reported,as_reported,"GSK quarterly results announcement furnished on Form 6-K (0001654954-26-000892, filed 2026-02-04), product turnover table, row ""Zejula"", GBP millions as printed; first figure is the worldwide Group turnover for the product; following figures (where quoted) are the US, Europe and International columns.  The row immediately above in the same table is the full-year row: 557 for the year.",sec_filing,millions,138,GBP,Zejula,GSK plc
2026Q1,114,https://www.sec.gov/Archives/edgar/data/1131399/000165495426004051/a2755c.htm,"Zejula, first quarter 2026: worldwide total then U.S., Europe, International, GBP millions, growth-percentage columns omitted | 114 | 51 | 49 | 14",direct_reported,as_reported,"GSK quarterly results announcement furnished on Form 6-K (0001654954-26-004051, filed 2026-04-29), product turnover table, row ""Zejula"", GBP millions as printed; first figure is the worldwide Group turnover for the product; following figures (where quoted) are the US, Europe and International columns.",sec_filing,millions,114,GBP,Zejula,GSK plc
2026Q2,101,https://www.sec.gov/Archives/edgar/data/1131399/000165495426006949/a1493o.htm,"Zejula, second quarter 2026: worldwide total then U.S., Europe, International, GBP millions, growth-percentage columns omitted | 101 | 41 | 48 | 12",direct_reported,as_reported,"GSK quarterly results announcement furnished on Form 6-K (0001654954-26-006949, filed 2026-07-28), product turnover table, row ""Zejula"", GBP millions as printed; first figure is the worldwide Group turnover for the product; following figures (where quoted) are the US, Europe and International columns.",sec_filing,millions,101,GBP,Zejula,GSK plc
