period,value_reported,source_url,source_quote,derivation,precision,context,source_type,source_unit,source_value_reported
2005Q1,577.0,https://www.sec.gov/Archives/edgar/data/200406/000020040605000084/firstquartertenq.txt,"REMICADE(R) 577 - Major Pharmaceutical Product Revenues, first fiscal quarter of 2005, USD millions, as stated in the Form 10-Q for that quarter",direct_reported,as_reported,"J&J states this product on its own line of the Major Pharmaceutical Product Revenues table in its Form 10-Q. Each 10-Q prints two of these tables - the fiscal year to date and the fiscal quarter on its own - and the quarter is read from the second, so no arithmetic is needed. A fourth quarter is never filed as a quarter, and is the 10-K's full year less the nine months the third-quarter 10-Q states. The table first appears in the first-quarter 2005 10-Q; before that the 10-Qs name products only in prose and state no product-level figures at all.",sec_filing,millions,577.0
2005Q2,642.0,https://www.sec.gov/Archives/edgar/data/200406/000020040605000106/secondqtrtenq.txt,"REMICADE(r) 642 - Major Pharmaceutical Product Revenues, second fiscal quarter of 2005, USD millions, as stated in the Form 10-Q for that quarter",direct_reported,as_reported,"J&J states this product on its own line of the Major Pharmaceutical Product Revenues table in its Form 10-Q. Each 10-Q prints two of these tables - the fiscal year to date and the fiscal quarter on its own - and the quarter is read from the second, so no arithmetic is needed. A fourth quarter is never filed as a quarter, and is the 10-K's full year less the nine months the third-quarter 10-Q states. The table first appears in the first-quarter 2005 10-Q; before that the 10-Qs name products only in prose and state no product-level figures at all.",sec_filing,millions,642.0
2005Q3,624.0,https://www.sec.gov/Archives/edgar/data/200406/000020040605000138/tenq.txt,"REMICADE(r) 624 - Major Pharmaceutical Product Revenues, third fiscal quarter of 2005, USD millions, as stated in the Form 10-Q for that quarter",direct_reported,as_reported,"J&J states this product on its own line of the Major Pharmaceutical Product Revenues table in its Form 10-Q. Each 10-Q prints two of these tables - the fiscal year to date and the fiscal quarter on its own - and the quarter is read from the second, so no arithmetic is needed. A fourth quarter is never filed as a quarter, and is the 10-K's full year less the nine months the third-quarter 10-Q states. The table first appears in the first-quarter 2005 10-Q; before that the 10-Qs name products only in prose and state no product-level figures at all.",sec_filing,millions,624.0
2005Q4,693.0,https://www.sec.gov/Archives/edgar/data/200406/000095012306003129/y17887exv13.txt,"REMICADE(R) (infliximab): full year 2005 of 2,535 stated in the Form 10-K less the first nine months of 1,842 stated in the third-quarter Form 10-Q yields a fourth quarter of 693, USD millions",full_year_less_other_reported_quarters,exact,"J&J states this product on its own line of the Major Pharmaceutical Product Revenues table in its Form 10-Q. Each 10-Q prints two of these tables - the fiscal year to date and the fiscal quarter on its own - and the quarter is read from the second, so no arithmetic is needed. A fourth quarter is never filed as a quarter, and is the 10-K's full year less the nine months the third-quarter 10-Q states. The table first appears in the first-quarter 2005 10-Q; before that the 10-Qs name products only in prose and state no product-level figures at all.",sec_filing,millions,693.0
2006Q1,681.0,https://www.sec.gov/Archives/edgar/data/200406/000020040606000083/tenq.txt,"REMICADE(R) 681 - Major Pharmaceutical Product Revenues, first fiscal quarter of 2006, USD millions, as stated in the Form 10-Q for that quarter",direct_reported,as_reported,"J&J states this product on its own line of the Major Pharmaceutical Product Revenues table in its Form 10-Q. Each 10-Q prints two of these tables - the fiscal year to date and the fiscal quarter on its own - and the quarter is read from the second, so no arithmetic is needed. A fourth quarter is never filed as a quarter, and is the 10-K's full year less the nine months the third-quarter 10-Q states. The table first appears in the first-quarter 2005 10-Q; before that the 10-Qs name products only in prose and state no product-level figures at all.",sec_filing,millions,681.0
2006Q2,777.0,https://www.sec.gov/Archives/edgar/data/200406/000020040606000110/tenq.txt,"REMICADE(R) 777 - Major Pharmaceutical Product Revenues, second fiscal quarter of 2006, USD millions, as stated in the Form 10-Q for that quarter",direct_reported,as_reported,"J&J states this product on its own line of the Major Pharmaceutical Product Revenues table in its Form 10-Q. Each 10-Q prints two of these tables - the fiscal year to date and the fiscal quarter on its own - and the quarter is read from the second, so no arithmetic is needed. A fourth quarter is never filed as a quarter, and is the 10-K's full year less the nine months the third-quarter 10-Q states. The table first appears in the first-quarter 2005 10-Q; before that the 10-Qs name products only in prose and state no product-level figures at all.",sec_filing,millions,777.0
2006Q3,776.0,https://www.sec.gov/Archives/edgar/data/200406/000020040606000138/tenq.txt,"REMICADE(R) 776 - Major Pharmaceutical Product Revenues, third fiscal quarter of 2006, USD millions, as stated in the Form 10-Q for that quarter",direct_reported,as_reported,"J&J states this product on its own line of the Major Pharmaceutical Product Revenues table in its Form 10-Q. Each 10-Q prints two of these tables - the fiscal year to date and the fiscal quarter on its own - and the quarter is read from the second, so no arithmetic is needed. A fourth quarter is never filed as a quarter, and is the 10-K's full year less the nine months the third-quarter 10-Q states. The table first appears in the first-quarter 2005 10-Q; before that the 10-Qs name products only in prose and state no product-level figures at all.",sec_filing,millions,776.0
2006Q4,780.0,https://www.sec.gov/Archives/edgar/data/200406/000095012307002542/y29901exv13.htm,"REMICADE ® (infliximab): full year 2006 of 3,013 stated in the Form 10-K less the first nine months of 2,233 stated in the third-quarter Form 10-Q yields a fourth quarter of 780, USD millions",full_year_less_other_reported_quarters,exact,"J&J states this product on its own line of the Major Pharmaceutical Product Revenues table in its Form 10-Q. Each 10-Q prints two of these tables - the fiscal year to date and the fiscal quarter on its own - and the quarter is read from the second, so no arithmetic is needed. A fourth quarter is never filed as a quarter, and is the 10-K's full year less the nine months the third-quarter 10-Q states. The table first appears in the first-quarter 2005 10-Q; before that the 10-Qs name products only in prose and state no product-level figures at all.",sec_filing,millions,780.0
2007Q1,731.0,https://www.sec.gov/Archives/edgar/data/200406/000020040607000076/tenq.txt,"REMICADE(R) 731 - Major Pharmaceutical Product Revenues, first fiscal quarter of 2007, USD millions, as stated in the Form 10-Q for that quarter",direct_reported,as_reported,"J&J states this product on its own line of the Major Pharmaceutical Product Revenues table in its Form 10-Q. Each 10-Q prints two of these tables - the fiscal year to date and the fiscal quarter on its own - and the quarter is read from the second, so no arithmetic is needed. A fourth quarter is never filed as a quarter, and is the 10-K's full year less the nine months the third-quarter 10-Q states. The table first appears in the first-quarter 2005 10-Q; before that the 10-Qs name products only in prose and state no product-level figures at all.",sec_filing,millions,731.0
2007Q2,869.0,https://www.sec.gov/Archives/edgar/data/200406/000020040607000104/tenq.txt,"REMICADE(R) 869 - Major Pharmaceutical Product Revenues, second fiscal quarter of 2007, USD millions, as stated in the Form 10-Q for that quarter",direct_reported,as_reported,"J&J states this product on its own line of the Major Pharmaceutical Product Revenues table in its Form 10-Q. Each 10-Q prints two of these tables - the fiscal year to date and the fiscal quarter on its own - and the quarter is read from the second, so no arithmetic is needed. A fourth quarter is never filed as a quarter, and is the 10-K's full year less the nine months the third-quarter 10-Q states. The table first appears in the first-quarter 2005 10-Q; before that the 10-Qs name products only in prose and state no product-level figures at all.",sec_filing,millions,869.0
2007Q3,819.0,https://www.sec.gov/Archives/edgar/data/200406/000020040607000128/tenq.txt,"REMICADE(R) 819 - Major Pharmaceutical Product Revenues, third fiscal quarter of 2007, USD millions, as stated in the Form 10-Q for that quarter",direct_reported,as_reported,"J&J states this product on its own line of the Major Pharmaceutical Product Revenues table in its Form 10-Q. Each 10-Q prints two of these tables - the fiscal year to date and the fiscal quarter on its own - and the quarter is read from the second, so no arithmetic is needed. A fourth quarter is never filed as a quarter, and is the 10-K's full year less the nine months the third-quarter 10-Q states. The table first appears in the first-quarter 2005 10-Q; before that the 10-Qs name products only in prose and state no product-level figures at all.",sec_filing,millions,819.0
2007Q4,908.0,https://www.sec.gov/Archives/edgar/data/200406/000095012308002130/y47910exv13.htm,"REMICADE ® (infliximab): full year 2007 of 3,327 stated in the Form 10-K less the first nine months of 2,419 stated in the third-quarter Form 10-Q yields a fourth quarter of 908, USD millions",full_year_less_other_reported_quarters,exact,"J&J states this product on its own line of the Major Pharmaceutical Product Revenues table in its Form 10-Q. Each 10-Q prints two of these tables - the fiscal year to date and the fiscal quarter on its own - and the quarter is read from the second, so no arithmetic is needed. A fourth quarter is never filed as a quarter, and is the 10-K's full year less the nine months the third-quarter 10-Q states. The table first appears in the first-quarter 2005 10-Q; before that the 10-Qs name products only in prose and state no product-level figures at all.",sec_filing,millions,908.0
2008Q1,998.0,https://www.sec.gov/Archives/edgar/data/200406/000020040608000084/firstquarter10q2008.htm,"REMICADE® 998 - Major Pharmaceutical Product Revenues, first fiscal quarter of 2008, USD millions, as stated in the Form 10-Q for that quarter",direct_reported,as_reported,"J&J states this product on its own line of the Major Pharmaceutical Product Revenues table in its Form 10-Q. Each 10-Q prints two of these tables - the fiscal year to date and the fiscal quarter on its own - and the quarter is read from the second, so no arithmetic is needed. A fourth quarter is never filed as a quarter, and is the 10-K's full year less the nine months the third-quarter 10-Q states. The table first appears in the first-quarter 2005 10-Q; before that the 10-Qs name products only in prose and state no product-level figures at all.",sec_filing,millions,998.0
2008Q2,886.0,https://www.sec.gov/Archives/edgar/data/200406/000020040608000119/tenq2ndqtr2008.htm,"REMICADE® 886 - Major Pharmaceutical Product Revenues, second fiscal quarter of 2008, USD millions, as stated in the Form 10-Q for that quarter",direct_reported,as_reported,"J&J states this product on its own line of the Major Pharmaceutical Product Revenues table in its Form 10-Q. Each 10-Q prints two of these tables - the fiscal year to date and the fiscal quarter on its own - and the quarter is read from the second, so no arithmetic is needed. A fourth quarter is never filed as a quarter, and is the 10-K's full year less the nine months the third-quarter 10-Q states. The table first appears in the first-quarter 2005 10-Q; before that the 10-Qs name products only in prose and state no product-level figures at all.",sec_filing,millions,886.0
2008Q3,978.0,https://www.sec.gov/Archives/edgar/data/200406/000020040608000146/tenq3rdqtr2008.htm,"REMICADE ® 978 - Major Pharmaceutical Product Revenues, third fiscal quarter of 2008, USD millions, as stated in the Form 10-Q for that quarter",direct_reported,as_reported,"J&J states this product on its own line of the Major Pharmaceutical Product Revenues table in its Form 10-Q. Each 10-Q prints two of these tables - the fiscal year to date and the fiscal quarter on its own - and the quarter is read from the second, so no arithmetic is needed. A fourth quarter is never filed as a quarter, and is the 10-K's full year less the nine months the third-quarter 10-Q states. The table first appears in the first-quarter 2005 10-Q; before that the 10-Qs name products only in prose and state no product-level figures at all.",sec_filing,millions,978.0
2008Q4,886.0,https://www.sec.gov/Archives/edgar/data/200406/000095012309003187/y74152exv13.htm,"REMICADE ® (infliximab): full year 2008 of 3,748 stated in the Form 10-K less the first nine months of 2,862 stated in the third-quarter Form 10-Q yields a fourth quarter of 886, USD millions",full_year_less_other_reported_quarters,exact,"J&J states this product on its own line of the Major Pharmaceutical Product Revenues table in its Form 10-Q. Each 10-Q prints two of these tables - the fiscal year to date and the fiscal quarter on its own - and the quarter is read from the second, so no arithmetic is needed. A fourth quarter is never filed as a quarter, and is the 10-K's full year less the nine months the third-quarter 10-Q states. The table first appears in the first-quarter 2005 10-Q; before that the 10-Qs name products only in prose and state no product-level figures at all.",sec_filing,millions,886.0
2009Q1,1028.0,https://www.sec.gov/Archives/edgar/data/200406/000020040609000064/firstqtr10q2009.htm,"REMICADE ® 1,028 - Major Pharmaceutical Product Revenues, first fiscal quarter of 2009, USD millions, as stated in the Form 10-Q for that quarter",direct_reported,as_reported,"J&J states this product on its own line of the Major Pharmaceutical Product Revenues table in its Form 10-Q. Each 10-Q prints two of these tables - the fiscal year to date and the fiscal quarter on its own - and the quarter is read from the second, so no arithmetic is needed. A fourth quarter is never filed as a quarter, and is the 10-K's full year less the nine months the third-quarter 10-Q states. The table first appears in the first-quarter 2005 10-Q; before that the 10-Qs name products only in prose and state no product-level figures at all.",sec_filing,millions,1028.0
2009Q2,1102.0,https://www.sec.gov/Archives/edgar/data/200406/000095012309029672/y78195e10vq.htm,"REMICADE ® 1,102 - Major Pharmaceutical Product Revenues, second fiscal quarter of 2009, USD millions, as stated in the Form 10-Q for that quarter",direct_reported,as_reported,"J&J states this product on its own line of the Major Pharmaceutical Product Revenues table in its Form 10-Q. Each 10-Q prints two of these tables - the fiscal year to date and the fiscal quarter on its own - and the quarter is read from the second, so no arithmetic is needed. A fourth quarter is never filed as a quarter, and is the 10-K's full year less the nine months the third-quarter 10-Q states. The table first appears in the first-quarter 2005 10-Q; before that the 10-Qs name products only in prose and state no product-level figures at all.",sec_filing,millions,1102.0
2009Q3,1036.0,https://www.sec.gov/Archives/edgar/data/200406/000095012309057624/y79425e10vq.htm,"REMICADE â 1,036 - Major Pharmaceutical Product Revenues, third fiscal quarter of 2009, USD millions, as stated in the Form 10-Q for that quarter",direct_reported,as_reported,"J&J states this product on its own line of the Major Pharmaceutical Product Revenues table in its Form 10-Q. Each 10-Q prints two of these tables - the fiscal year to date and the fiscal quarter on its own - and the quarter is read from the second, so no arithmetic is needed. A fourth quarter is never filed as a quarter, and is the 10-K's full year less the nine months the third-quarter 10-Q states. The table first appears in the first-quarter 2005 10-Q; before that the 10-Qs name products only in prose and state no product-level figures at all.",sec_filing,millions,1036.0
2009Q4,1138.0,https://www.sec.gov/Archives/edgar/data/200406/000095012310019392/y80744exv13.htm,"REMICADE ® (infliximab): full year 2009 of 4,304 stated in the Form 10-K less the first nine months of 3,166 stated in the third-quarter Form 10-Q yields a fourth quarter of 1,138, USD millions",full_year_less_other_reported_quarters,exact,"J&J states this product on its own line of the Major Pharmaceutical Product Revenues table in its Form 10-Q. Each 10-Q prints two of these tables - the fiscal year to date and the fiscal quarter on its own - and the quarter is read from the second, so no arithmetic is needed. A fourth quarter is never filed as a quarter, and is the 10-K's full year less the nine months the third-quarter 10-Q states. The table first appears in the first-quarter 2005 10-Q; before that the 10-Qs name products only in prose and state no product-level figures at all.",sec_filing,millions,1138.0
2010Q1,1186.0,https://www.sec.gov/Archives/edgar/data/200406/000095012310047299/y83341e10vq.htm,"REMICADE® 1,186 - Major Pharmaceutical Product Revenues, first fiscal quarter of 2010, USD millions, as stated in the Form 10-Q for that quarter",direct_reported,as_reported,"J&J states this product on its own line of the Major Pharmaceutical Product Revenues table in its Form 10-Q. Each 10-Q prints two of these tables - the fiscal year to date and the fiscal quarter on its own - and the quarter is read from the second, so no arithmetic is needed. A fourth quarter is never filed as a quarter, and is the 10-K's full year less the nine months the third-quarter 10-Q states. The table first appears in the first-quarter 2005 10-Q; before that the 10-Qs name products only in prose and state no product-level figures at all.",sec_filing,millions,1186.0
2010Q2,1130.0,https://www.sec.gov/Archives/edgar/data/200406/000095012310076076/y84968e10vq.htm,"REMICADE ® 1,130 - Major Pharmaceutical Product Revenues, second fiscal quarter of 2010, USD millions, as stated in the Form 10-Q for that quarter",direct_reported,as_reported,"J&J states this product on its own line of the Major Pharmaceutical Product Revenues table in its Form 10-Q. Each 10-Q prints two of these tables - the fiscal year to date and the fiscal quarter on its own - and the quarter is read from the second, so no arithmetic is needed. A fourth quarter is never filed as a quarter, and is the 10-K's full year less the nine months the third-quarter 10-Q states. The table first appears in the first-quarter 2005 10-Q; before that the 10-Qs name products only in prose and state no product-level figures at all.",sec_filing,millions,1130.0
2010Q3,1229.0,https://www.sec.gov/Archives/edgar/data/200406/000095012310103817/y86465e10vq.htm,"REMICADE® 1,229 - Major Pharmaceutical Product Revenues, third fiscal quarter of 2010, USD millions, as stated in the Form 10-Q for that quarter",direct_reported,as_reported,"J&J states this product on its own line of the Major Pharmaceutical Product Revenues table in its Form 10-Q. Each 10-Q prints two of these tables - the fiscal year to date and the fiscal quarter on its own - and the quarter is read from the second, so no arithmetic is needed. A fourth quarter is never filed as a quarter, and is the 10-K's full year less the nine months the third-quarter 10-Q states. The table first appears in the first-quarter 2005 10-Q; before that the 10-Qs name products only in prose and state no product-level figures at all.",sec_filing,millions,1229.0
2010Q4,1065.0,https://www.sec.gov/Archives/edgar/data/200406/000095012311018128/y86310kexv13.htm,"REMICADE ® (infliximab): full year 2010 of 4,610 stated in the Form 10-K less the first nine months of 3,545 stated in the third-quarter Form 10-Q yields a fourth quarter of 1,065, USD millions",full_year_less_other_reported_quarters,exact,"J&J states this product on its own line of the Major Pharmaceutical Product Revenues table in its Form 10-Q. Each 10-Q prints two of these tables - the fiscal year to date and the fiscal quarter on its own - and the quarter is read from the second, so no arithmetic is needed. A fourth quarter is never filed as a quarter, and is the 10-K's full year less the nine months the third-quarter 10-Q states. The table first appears in the first-quarter 2005 10-Q; before that the 10-Qs name products only in prose and state no product-level figures at all.",sec_filing,millions,1065.0
2011Q1,1285.0,https://www.sec.gov/Archives/edgar/data/200406/000095012311048125/y90387e10vq.htm,"REMICADE ® 1,285 - Major Pharmaceutical Product Revenues, first fiscal quarter of 2011, USD millions, as stated in the Form 10-Q for that quarter",direct_reported,as_reported,"J&J states this product on its own line of the Major Pharmaceutical Product Revenues table in its Form 10-Q. Each 10-Q prints two of these tables - the fiscal year to date and the fiscal quarter on its own - and the quarter is read from the second, so no arithmetic is needed. A fourth quarter is never filed as a quarter, and is the 10-K's full year less the nine months the third-quarter 10-Q states. The table first appears in the first-quarter 2005 10-Q; before that the 10-Qs name products only in prose and state no product-level figures at all.",sec_filing,millions,1285.0
2011Q2,1371.0,https://www.sec.gov/Archives/edgar/data/200406/000095012311075098/y91358e10vq.htm,"REMICADE® 1,371 - Major Pharmaceutical Product Revenues, second fiscal quarter of 2011, USD millions, as stated in the Form 10-Q for that quarter",direct_reported,as_reported,"J&J states this product on its own line of the Major Pharmaceutical Product Revenues table in its Form 10-Q. Each 10-Q prints two of these tables - the fiscal year to date and the fiscal quarter on its own - and the quarter is read from the second, so no arithmetic is needed. A fourth quarter is never filed as a quarter, and is the 10-K's full year less the nine months the third-quarter 10-Q states. The table first appears in the first-quarter 2005 10-Q; before that the 10-Qs name products only in prose and state no product-level figures at all.",sec_filing,millions,1371.0
2011Q3,1408.0,https://www.sec.gov/Archives/edgar/data/200406/000095012311096471/y93154e10vq.htm,"REMICADE ® 1,408 - Major Pharmaceutical Product Revenues, third fiscal quarter of 2011, USD millions, as stated in the Form 10-Q for that quarter",direct_reported,as_reported,"J&J states this product on its own line of the Major Pharmaceutical Product Revenues table in its Form 10-Q. Each 10-Q prints two of these tables - the fiscal year to date and the fiscal quarter on its own - and the quarter is read from the second, so no arithmetic is needed. A fourth quarter is never filed as a quarter, and is the 10-K's full year less the nine months the third-quarter 10-Q states. The table first appears in the first-quarter 2005 10-Q; before that the 10-Qs name products only in prose and state no product-level figures at all.",sec_filing,millions,1408.0
2011Q4,1428.0,https://www.sec.gov/Archives/edgar/data/200406/000119312512075565/d281803dex13.htm,"REMICADE ® (infliximab): full year 2011 of 5,492 stated in the Form 10-K less the first nine months of 4,064 stated in the third-quarter Form 10-Q yields a fourth quarter of 1,428, USD millions",full_year_less_other_reported_quarters,exact,"J&J states this product on its own line of the Major Pharmaceutical Product Revenues table in its Form 10-Q. Each 10-Q prints two of these tables - the fiscal year to date and the fiscal quarter on its own - and the quarter is read from the second, so no arithmetic is needed. A fourth quarter is never filed as a quarter, and is the 10-K's full year less the nine months the third-quarter 10-Q states. The table first appears in the first-quarter 2005 10-Q; before that the 10-Qs name products only in prose and state no product-level figures at all.",sec_filing,millions,1428.0
2012Q1,1521.0,https://www.sec.gov/Archives/edgar/data/200406/000020040612000081/jnj41201210q.htm,"REMICADE ® 1,521 - Major Pharmaceutical Product Revenues, first fiscal quarter of 2012, USD millions, as stated in the Form 10-Q for that quarter",direct_reported,as_reported,"J&J states this product on its own line of the Major Pharmaceutical Product Revenues table in its Form 10-Q. Each 10-Q prints two of these tables - the fiscal year to date and the fiscal quarter on its own - and the quarter is read from the second, so no arithmetic is needed. A fourth quarter is never filed as a quarter, and is the 10-K's full year less the nine months the third-quarter 10-Q states. The table first appears in the first-quarter 2005 10-Q; before that the 10-Qs name products only in prose and state no product-level figures at all.",sec_filing,millions,1521.0
2012Q2,1523.0,https://www.sec.gov/Archives/edgar/data/200406/000020040612000119/jnj2q71201210q.htm,"REMICADE ® 1,523 - Major Pharmaceutical Product Revenues, second fiscal quarter of 2012, USD millions, as stated in the Form 10-Q for that quarter",direct_reported,as_reported,"J&J states this product on its own line of the Major Pharmaceutical Product Revenues table in its Form 10-Q. Each 10-Q prints two of these tables - the fiscal year to date and the fiscal quarter on its own - and the quarter is read from the second, so no arithmetic is needed. A fourth quarter is never filed as a quarter, and is the 10-K's full year less the nine months the third-quarter 10-Q states. The table first appears in the first-quarter 2005 10-Q; before that the 10-Qs name products only in prose and state no product-level figures at all.",sec_filing,millions,1523.0
2012Q3,1591.0,https://www.sec.gov/Archives/edgar/data/200406/000020040612000140/jnj3q930201210q.htm,"REMICADE ® 1,591 - Major Pharmaceutical Product Revenues, third fiscal quarter of 2012, USD millions, as stated in the Form 10-Q for that quarter",direct_reported,as_reported,"J&J states this product on its own line of the Major Pharmaceutical Product Revenues table in its Form 10-Q. Each 10-Q prints two of these tables - the fiscal year to date and the fiscal quarter on its own - and the quarter is read from the second, so no arithmetic is needed. A fourth quarter is never filed as a quarter, and is the 10-K's full year less the nine months the third-quarter 10-Q states. The table first appears in the first-quarter 2005 10-Q; before that the 10-Qs name products only in prose and state no product-level figures at all.",sec_filing,millions,1591.0
2012Q4,1504.0,https://www.sec.gov/Archives/edgar/data/200406/000020040613000038/ex13-form10xk20121230.htm,"REMICADE ®: full year 2012 of 6,139 stated in the Form 10-K less the first nine months of 4,635 stated in the third-quarter Form 10-Q yields a fourth quarter of 1,504, USD millions",full_year_less_other_reported_quarters,exact,"J&J states this product on its own line of the Major Pharmaceutical Product Revenues table in its Form 10-Q. Each 10-Q prints two of these tables - the fiscal year to date and the fiscal quarter on its own - and the quarter is read from the second, so no arithmetic is needed. A fourth quarter is never filed as a quarter, and is the 10-K's full year less the nine months the third-quarter 10-Q states. The table first appears in the first-quarter 2005 10-Q; before that the 10-Qs name products only in prose and state no product-level figures at all.",sec_filing,millions,1504.0
2013Q1,1600.0,https://www.sec.gov/Archives/edgar/data/200406/000020040613000057/a1q10q3-31x13.htm,"REMICADE ® 1,600 - Major Pharmaceutical Product Revenues, first fiscal quarter of 2013, USD millions, as stated in the Form 10-Q for that quarter",direct_reported,as_reported,"J&J states this product on its own line of the Major Pharmaceutical Product Revenues table in its Form 10-Q. Each 10-Q prints two of these tables - the fiscal year to date and the fiscal quarter on its own - and the quarter is read from the second, so no arithmetic is needed. A fourth quarter is never filed as a quarter, and is the 10-K's full year less the nine months the third-quarter 10-Q states. The table first appears in the first-quarter 2005 10-Q; before that the 10-Qs name products only in prose and state no product-level figures at all.",sec_filing,millions,1600.0
2013Q2,1672.0,https://www.sec.gov/Archives/edgar/data/200406/000020040613000091/a2q10q6-30x13.htm,"REMICADE ® 1,672 - Major Pharmaceutical Product Revenues, second fiscal quarter of 2013, USD millions, as stated in the Form 10-Q for that quarter",direct_reported,as_reported,"J&J states this product on its own line of the Major Pharmaceutical Product Revenues table in its Form 10-Q. Each 10-Q prints two of these tables - the fiscal year to date and the fiscal quarter on its own - and the quarter is read from the second, so no arithmetic is needed. A fourth quarter is never filed as a quarter, and is the 10-K's full year less the nine months the third-quarter 10-Q states. The table first appears in the first-quarter 2005 10-Q; before that the 10-Qs name products only in prose and state no product-level figures at all.",sec_filing,millions,1672.0
2013Q3,1689.0,https://www.sec.gov/Archives/edgar/data/200406/000020040613000112/a3q10q9-29x13.htm,"REMICADE ® 1,689 - Major Pharmaceutical Product Revenues, third fiscal quarter of 2013, USD millions, as stated in the Form 10-Q for that quarter",direct_reported,as_reported,"J&J states this product on its own line of the Major Pharmaceutical Product Revenues table in its Form 10-Q. Each 10-Q prints two of these tables - the fiscal year to date and the fiscal quarter on its own - and the quarter is read from the second, so no arithmetic is needed. A fourth quarter is never filed as a quarter, and is the 10-K's full year less the nine months the third-quarter 10-Q states. The table first appears in the first-quarter 2005 10-Q; before that the 10-Qs name products only in prose and state no product-level figures at all.",sec_filing,millions,1689.0
2013Q4,1712.0,https://www.sec.gov/Archives/edgar/data/200406/000020040614000033/ex13-form10xk20131229.htm,"REMICADE ®: full year 2013 of 6,673 stated in the Form 10-K less the first nine months of 4,961 stated in the third-quarter Form 10-Q yields a fourth quarter of 1,712, USD millions",full_year_less_other_reported_quarters,exact,"J&J states this product on its own line of the Major Pharmaceutical Product Revenues table in its Form 10-Q. Each 10-Q prints two of these tables - the fiscal year to date and the fiscal quarter on its own - and the quarter is read from the second, so no arithmetic is needed. A fourth quarter is never filed as a quarter, and is the 10-K's full year less the nine months the third-quarter 10-Q states. The table first appears in the first-quarter 2005 10-Q; before that the 10-Qs name products only in prose and state no product-level figures at all.",sec_filing,millions,1712.0
2014Q1,1610.0,https://www.sec.gov/Archives/edgar/data/200406/000020040614000047/a1q10q3-30x14.htm,"REMICADE ® 1,610 - Major Pharmaceutical Product Revenues, first fiscal quarter of 2014, USD millions, as stated in the Form 10-Q for that quarter",direct_reported,as_reported,"J&J states this product on its own line of the Major Pharmaceutical Product Revenues table in its Form 10-Q. Each 10-Q prints two of these tables - the fiscal year to date and the fiscal quarter on its own - and the quarter is read from the second, so no arithmetic is needed. A fourth quarter is never filed as a quarter, and is the 10-K's full year less the nine months the third-quarter 10-Q states. The table first appears in the first-quarter 2005 10-Q; before that the 10-Qs name products only in prose and state no product-level figures at all.",sec_filing,millions,1610.0
2014Q2,1804.0,https://www.sec.gov/Archives/edgar/data/200406/000020040614000089/a2q10q6-29x14.htm,"REMICADE ® 1,804 - Major Pharmaceutical Product Revenues, second fiscal quarter of 2014, USD millions, as stated in the Form 10-Q for that quarter",direct_reported,as_reported,"J&J states this product on its own line of the Major Pharmaceutical Product Revenues table in its Form 10-Q. Each 10-Q prints two of these tables - the fiscal year to date and the fiscal quarter on its own - and the quarter is read from the second, so no arithmetic is needed. A fourth quarter is never filed as a quarter, and is the 10-K's full year less the nine months the third-quarter 10-Q states. The table first appears in the first-quarter 2005 10-Q; before that the 10-Qs name products only in prose and state no product-level figures at all.",sec_filing,millions,1804.0
2014Q3,1782.0,https://s203.q4cdn.com/636242992/files/doc_financials/2014/q3/Sales_of_Key_Products_Franchises_3Q2014.pdf,"REMICADE WW third quarter 2014 and 2013 then nine months 2014 and 2013, USD millions, percentage-change columns omitted | 1,782 | 1,689 | 5,196 | 4,961",direct_reported,,"J&J states this product on its own line of the quarterly Sales of Key Products/Franchises schedule, in US, Intl and WW rows. The WW row is the one recorded - J&J sums unrounded regional figures and rounds once, so US + Intl need not equal the worldwide line it states. The first figure on the WW row is the quarter the schedule heads as current; the second is the prior-year comparative and is never read.",company_ir,millions,1782.0
2014Q4,1672.0,https://s203.q4cdn.com/636242992/files/doc_financials/2014/q4/Sales_of_Key_Products_Franchises_4Q2014.pdf,"REMICADE WW fourth quarter 2014 and 2013 then twelve months 2014 and 2013, USD millions, percentage-change columns omitted | 1,672 | 1,712 | 6,868 | 6,673",direct_reported,,"J&J states this product on its own line of the quarterly Sales of Key Products/Franchises schedule, in US, Intl and WW rows. The WW row is the one recorded - J&J sums unrounded regional figures and rounds once, so US + Intl need not equal the worldwide line it states. The first figure on the WW row is the quarter the schedule heads as current; the second is the prior-year comparative and is never read.",company_ir,millions,1672.0
2015Q1,1600.0,https://s203.q4cdn.com/636242992/files/doc_financials/2015/q1/Sales_of_Key_Products_Franchises_1Q2015.pdf,"REMICADE WW first quarter 2015 and 2014, USD millions, percentage-change columns omitted | 1,600 | 1,610",direct_reported,,"J&J states this product on its own line of the quarterly Sales of Key Products/Franchises schedule, in US, Intl and WW rows. The WW row is the one recorded - J&J sums unrounded regional figures and rounds once, so US + Intl need not equal the worldwide line it states. The first figure on the WW row is the quarter the schedule heads as current; the second is the prior-year comparative and is never read.",company_ir,millions,1600.0
2015Q2,1668.0,https://s203.q4cdn.com/636242992/files/doc_financials/2015/q2/Sales_of_Key_Products_Franchises_2Q2015.pdf,"REMICADE WW second quarter 2015 and 2014 then six months 2015 and 2014, USD millions, percentage-change columns omitted | 1,668 | 1,804 | 3,268 | 3,414",direct_reported,,"J&J states this product on its own line of the quarterly Sales of Key Products/Franchises schedule, in US, Intl and WW rows. The WW row is the one recorded - J&J sums unrounded regional figures and rounds once, so US + Intl need not equal the worldwide line it states. The first figure on the WW row is the quarter the schedule heads as current; the second is the prior-year comparative and is never read.",company_ir,millions,1668.0
2015Q3,1613.0,https://s203.q4cdn.com/636242992/files/doc_financials/2015/q3/Sales_of_Key_Products_Franchises_3Q2015.pdf,"REMICADE WW third quarter 2015 and 2014 then nine months 2015 and 2014, USD millions, percentage-change columns omitted | 1,613 | 1,782 | 4,881 | 5,196",direct_reported,,"J&J states this product on its own line of the quarterly Sales of Key Products/Franchises schedule, in US, Intl and WW rows. The WW row is the one recorded - J&J sums unrounded regional figures and rounds once, so US + Intl need not equal the worldwide line it states. The first figure on the WW row is the quarter the schedule heads as current; the second is the prior-year comparative and is never read.",company_ir,millions,1613.0
2015Q4,1680.0,https://s203.q4cdn.com/636242992/files/doc_financials/2015/q4/Sales_of_Key_Products_Franchises_4Q2015.pdf,"REMICADE WW fourth quarter 2015 and 2014 then twelve months 2015 and 2014, USD millions, percentage-change columns omitted | 1,680 | 1,672 | 6,561 | 6,868",direct_reported,,"J&J states this product on its own line of the quarterly Sales of Key Products/Franchises schedule, in US, Intl and WW rows. The WW row is the one recorded - J&J sums unrounded regional figures and rounds once, so US + Intl need not equal the worldwide line it states. The first figure on the WW row is the quarter the schedule heads as current; the second is the prior-year comparative and is never read.",company_ir,millions,1680.0
2016Q1,1779.0,https://s203.q4cdn.com/636242992/files/doc_financials/2016/q1/Sales_of_Key_Products_Franchises_1Q2016.pdf,"REMICADE WW first quarter 2016 and 2015, USD millions, percentage-change columns omitted | 1,779 | 1,600",direct_reported,,"J&J states this product on its own line of the quarterly Sales of Key Products/Franchises schedule, in US, Intl and WW rows. The WW row is the one recorded - J&J sums unrounded regional figures and rounds once, so US + Intl need not equal the worldwide line it states. The first figure on the WW row is the quarter the schedule heads as current; the second is the prior-year comparative and is never read.",company_ir,millions,1779.0
2016Q2,1780.0,https://s203.q4cdn.com/636242992/files/doc_financials/2016/q2/Sales_of_Key_Products_Franchises_2Q2016.pdf,"REMICADE WW second quarter 2016 and 2015 then six months 2016 and 2015, USD millions, percentage-change columns omitted | 1,780 | 1,668 | 3,559 | 3,268",direct_reported,,"J&J states this product on its own line of the quarterly Sales of Key Products/Franchises schedule, in US, Intl and WW rows. The WW row is the one recorded - J&J sums unrounded regional figures and rounds once, so US + Intl need not equal the worldwide line it states. The first figure on the WW row is the quarter the schedule heads as current; the second is the prior-year comparative and is never read.",company_ir,millions,1780.0
2016Q3,1783.0,https://s203.q4cdn.com/636242992/files/doc_financials/2016/q3/Sales_of_Key_Products_Franchises_3Q2016.pdf,"REMICADE WW third quarter 2016 and 2015 then nine months 2016 and 2015, USD millions, percentage-change columns omitted | 1,783 | 1,613 | 5,342 | 4,881",direct_reported,,"J&J states this product on its own line of the quarterly Sales of Key Products/Franchises schedule, in US, Intl and WW rows. The WW row is the one recorded - J&J sums unrounded regional figures and rounds once, so US + Intl need not equal the worldwide line it states. The first figure on the WW row is the quarter the schedule heads as current; the second is the prior-year comparative and is never read.",company_ir,millions,1783.0
2016Q4,1624.0,https://s203.q4cdn.com/636242992/files/doc_financials/2016/q4/Sales_of_Key_Products_Franchises_4Q2016.pdf,"REMICADE WW fourth quarter 2016 and 2015 then twelve months 2016 and 2015, USD millions, percentage-change columns omitted | 1,624 | 1,680 | 6,966 | 6,561",direct_reported,,"J&J states this product on its own line of the quarterly Sales of Key Products/Franchises schedule, in US, Intl and WW rows. The WW row is the one recorded - J&J sums unrounded regional figures and rounds once, so US + Intl need not equal the worldwide line it states. The first figure on the WW row is the quarter the schedule heads as current; the second is the prior-year comparative and is never read.",company_ir,millions,1624.0
2017Q1,1672.0,https://s203.q4cdn.com/636242992/files/doc_financials/2017/q1/Sales_of_Key_Products_Franchises_1Q2017.pdf,"REMICADE WW first quarter 2017 and 2016, USD millions, percentage-change columns omitted | 1,672 | 1,779",direct_reported,,"J&J states this product on its own line of the quarterly Sales of Key Products/Franchises schedule, in US, Intl and WW rows. The WW row is the one recorded - J&J sums unrounded regional figures and rounds once, so US + Intl need not equal the worldwide line it states. The first figure on the WW row is the quarter the schedule heads as current; the second is the prior-year comparative and is never read.",company_ir,millions,1672.0
2017Q2,1530.0,https://s203.q4cdn.com/636242992/files/doc_financials/2017/q2/Sales_of_Key_Products_Franchises_2Q2017.pdf,"REMICADE WW second quarter 2017 and 2016 then six months 2017 and 2016, USD millions, percentage-change columns omitted | 1,530 | 1,780 | 3,202 | 3,559",direct_reported,,"J&J states this product on its own line of the quarterly Sales of Key Products/Franchises schedule, in US, Intl and WW rows. The WW row is the one recorded - J&J sums unrounded regional figures and rounds once, so US + Intl need not equal the worldwide line it states. The first figure on the WW row is the quarter the schedule heads as current; the second is the prior-year comparative and is never read.",company_ir,millions,1530.0
2017Q3,1647.0,https://s203.q4cdn.com/636242992/files/doc_financials/2017/q3/Sales_of_Key_Products_Franchises_3Q2017.pdf,"REMICADE WW third quarter 2017 and 2016 then nine months 2017 and 2016, USD millions, percentage-change columns omitted | 1,647 | 1,783 | 4,849 | 5,342",direct_reported,,"J&J states this product on its own line of the quarterly Sales of Key Products/Franchises schedule, in US, Intl and WW rows. The WW row is the one recorded - J&J sums unrounded regional figures and rounds once, so US + Intl need not equal the worldwide line it states. The first figure on the WW row is the quarter the schedule heads as current; the second is the prior-year comparative and is never read.",company_ir,millions,1647.0
2017Q4,1466.0,https://s203.q4cdn.com/636242992/files/doc_financials/2017/q4/Sales_of_Key_Products_Franchises_4Q2017.pdf,"REMICADE WW fourth quarter 2017 and 2016 then twelve months 2017 and 2016, USD millions, percentage-change columns omitted | 1,466 | 1,624 | 6,315 | 6,966",direct_reported,,"J&J states this product on its own line of the quarterly Sales of Key Products/Franchises schedule, in US, Intl and WW rows. The WW row is the one recorded - J&J sums unrounded regional figures and rounds once, so US + Intl need not equal the worldwide line it states. The first figure on the WW row is the quarter the schedule heads as current; the second is the prior-year comparative and is never read.",company_ir,millions,1466.0
2018Q1,1389,https://s203.q4cdn.com/636242992/files/doc_financials/2018/q1/Sales_of_Key_Products_Franchises_1Q2018.pdf,"REMICADE WW first quarter 2018 and 2017, USD millions, percentage-change columns omitted | 1,389 | 1,672",direct_reported,,"J&J states this product on its own line of the quarterly Sales of Key Products/Franchises exhibit, in three rows - US, Intl and WW. The WW row is the one recorded; its columns are the quarter, the same quarter a year earlier, and where the exhibit carries a year-to-date block, that period and its prior-year comparative.",company_ir,millions,1389
2018Q2,1320,https://s203.q4cdn.com/636242992/files/doc_financials/2018/q2/Sales_of_Key_Products_Franchises_2Q2018.pdf,"REMICADE WW second quarter 2018 and 2017 then six months 2018 and 2017, USD millions, percentage-change columns omitted | 1,320 | 1,530 | 2,709 | 3,202",direct_reported,,"J&J states this product on its own line of the quarterly Sales of Key Products/Franchises exhibit, in three rows - US, Intl and WW. The WW row is the one recorded; its columns are the quarter, the same quarter a year earlier, and where the exhibit carries a year-to-date block, that period and its prior-year comparative.",company_ir,millions,1320
2018Q3,1379,https://s203.q4cdn.com/636242992/files/doc_financials/2018/q3/3Q2018_Sales_of_Key_Products_Franchises_3Q2018.pdf,"REMICADE WW third quarter 2018 and 2017 then nine months 2018 and 2017, USD millions, percentage-change columns omitted | 1,379 | 1,647 | 4,088 | 4,849",direct_reported,,"J&J states this product on its own line of the quarterly Sales of Key Products/Franchises exhibit, in three rows - US, Intl and WW. The WW row is the one recorded; its columns are the quarter, the same quarter a year earlier, and where the exhibit carries a year-to-date block, that period and its prior-year comparative.",company_ir,millions,1379
2018Q4,1238,https://s203.q4cdn.com/636242992/files/doc_financials/2018/q4/Sales-of-Key-Products-Franchises-4Q2018.pdf,"REMICADE WW fourth quarter 2018 and 2017 then twelve months 2018 and 2017, USD millions, percentage-change columns omitted | 1,238 | 1,466 | 5,326 | 6,315",direct_reported,,"J&J states this product on its own line of the quarterly Sales of Key Products/Franchises exhibit, in three rows - US, Intl and WW. The WW row is the one recorded; its columns are the quarter, the same quarter a year earlier, and where the exhibit carries a year-to-date block, that period and its prior-year comparative.",company_ir,millions,1238
2019Q1,1102,https://s203.q4cdn.com/636242992/files/doc_financials/2019/q1/1Q19-Press-Release-with-attachments.pdf,"REMICADE WW first quarter 2019 and 2018, USD millions, percentage-change columns omitted | 1,102 | 1,389",direct_reported,,"J&J states this product on its own line of the quarterly Sales of Key Products/Franchises exhibit, in three rows - US, Intl and WW. The WW row is the one recorded; its columns are the quarter, the same quarter a year earlier, and where the exhibit carries a year-to-date block, that period and its prior-year comparative.",company_ir,millions,1102
2019Q2,1107,https://s203.q4cdn.com/636242992/files/doc_financials/2019/q2/Sales-of-Key-Products-Franchises-2Q2019.pdf,"REMICADE WW second quarter 2019 and 2018 then six months 2019 and 2018, USD millions, percentage-change columns omitted | 1,107 | 1,320 | 2,209 | 2,709",direct_reported,,"J&J states this product on its own line of the quarterly Sales of Key Products/Franchises exhibit, in three rows - US, Intl and WW. The WW row is the one recorded; its columns are the quarter, the same quarter a year earlier, and where the exhibit carries a year-to-date block, that period and its prior-year comparative.",company_ir,millions,1107
2019Q3,1136,https://s203.q4cdn.com/636242992/files/doc_financials/2019/q3/Sales-of-Key-Products-Franchises-3Q2019.pdf,"REMICADE WW third quarter 2019 and 2018 then nine months 2019 and 2018, USD millions, percentage-change columns omitted | 1,136 | 1,379 | 3,345 | 4,088",direct_reported,,"J&J states this product on its own line of the quarterly Sales of Key Products/Franchises exhibit, in three rows - US, Intl and WW. The WW row is the one recorded; its columns are the quarter, the same quarter a year earlier, and where the exhibit carries a year-to-date block, that period and its prior-year comparative.",company_ir,millions,1136
2019Q4,1035,https://s203.q4cdn.com/636242992/files/doc_financials/2019/q4/Sales-of-Key-Products-Franchises-4Q2019.pdf,"REMICADE WW fourth quarter 2019 and 2018 then twelve months 2019 and 2018, USD millions, percentage-change columns omitted | 1,035 | 1,238 | 4,380 | 5,326",direct_reported,,"J&J states this product on its own line of the quarterly Sales of Key Products/Franchises exhibit, in three rows - US, Intl and WW. The WW row is the one recorded; its columns are the quarter, the same quarter a year earlier, and where the exhibit carries a year-to-date block, that period and its prior-year comparative.",company_ir,millions,1035
2020Q1,990,https://s203.q4cdn.com/636242992/files/doc_financials/2020/q1/Sales-of-Key-Products-Franchises-1Q2020.pdf,"REMICADE WW first quarter 2020 and 2019, USD millions, percentage-change columns omitted | 990 | 1,102",direct_reported,,"J&J states this product on its own line of the quarterly Sales of Key Products/Franchises exhibit, in three rows - US, Intl and WW. The WW row is the one recorded; its columns are the quarter, the same quarter a year earlier, and where the exhibit carries a year-to-date block, that period and its prior-year comparative.",company_ir,millions,990
2020Q2,935,https://s203.q4cdn.com/636242992/files/doc_financials/2020/q2/Sales-of-Key-Products-Franchises-2Q20.pdf,"REMICADE WW second quarter 2020 and 2019 then six months 2020 and 2019, USD millions, percentage-change columns omitted | 935 | 1,107 | 1,925 | 2,209",direct_reported,,"J&J states this product on its own line of the quarterly Sales of Key Products/Franchises exhibit, in three rows - US, Intl and WW. The WW row is the one recorded; its columns are the quarter, the same quarter a year earlier, and where the exhibit carries a year-to-date block, that period and its prior-year comparative.",company_ir,millions,935
2020Q3,921,https://s203.q4cdn.com/636242992/files/doc_financials/2020/q3/Sales-of-Key-Products-Franchises-3Q2020.pdf,"REMICADE WW third quarter 2020 and 2019 then nine months 2020 and 2019, USD millions, percentage-change columns omitted | 921 | 1,136 | 2,846 | 3,345",direct_reported,,"J&J states this product on its own line of the quarterly Sales of Key Products/Franchises exhibit, in three rows - US, Intl and WW. The WW row is the one recorded; its columns are the quarter, the same quarter a year earlier, and where the exhibit carries a year-to-date block, that period and its prior-year comparative.",company_ir,millions,921
2020Q4,901,https://s203.q4cdn.com/636242992/files/doc_financials/2020/q4/Sales-of-Key-Products-Franchises-4Q2020.pdf,"REMICADE WW fourth quarter 2020 and 2019 then twelve months 2020 and 2019, USD millions, percentage-change columns omitted | 901 | 1,035 | 3,747 | 4,380",direct_reported,,"J&J states this product on its own line of the quarterly Sales of Key Products/Franchises exhibit, in three rows - US, Intl and WW. The WW row is the one recorded; its columns are the quarter, the same quarter a year earlier, and where the exhibit carries a year-to-date block, that period and its prior-year comparative.",company_ir,millions,901
2021Q1,777,https://s203.q4cdn.com/636242992/files/doc_financials/2021/q1/Sales-of-Key-Products-Franchises-1Q2021.pdf,"REMICADE WW first quarter 2021 and 2020, USD millions, percentage-change columns omitted | 777 | 990",direct_reported,,"J&J states this product on its own line of the quarterly Sales of Key Products/Franchises exhibit, in three rows - US, Intl and WW. The WW row is the one recorded; its columns are the quarter, the same quarter a year earlier, and where the exhibit carries a year-to-date block, that period and its prior-year comparative.",company_ir,millions,777
2021Q2,888,https://s203.q4cdn.com/636242992/files/doc_financials/2021/q2/Sales-of-Key-Products-Franchises-2Q2021.pdf,"REMICADE WW second quarter 2021 and 2020 then six months 2021 and 2020, USD millions, percentage-change columns omitted | 888 | 935 | 1,665 | 1,925",direct_reported,,"J&J states this product on its own line of the quarterly Sales of Key Products/Franchises exhibit, in three rows - US, Intl and WW. The WW row is the one recorded; its columns are the quarter, the same quarter a year earlier, and where the exhibit carries a year-to-date block, that period and its prior-year comparative.",company_ir,millions,888
2021Q3,761,https://s203.q4cdn.com/636242992/files/doc_financials/2021/q3/JNJ-Sales-of-Key-Products-Franchises-3Q2021.pdf,"REMICADE WW third quarter 2021 and 2020 then nine months 2021 and 2020, USD millions, percentage-change columns omitted | 761 | 921 | 2,426 | 2,846",direct_reported,,"J&J states this product on its own line of the quarterly Sales of Key Products/Franchises exhibit, in three rows - US, Intl and WW. The WW row is the one recorded; its columns are the quarter, the same quarter a year earlier, and where the exhibit carries a year-to-date block, that period and its prior-year comparative.",company_ir,millions,761
2021Q4,764,https://s203.q4cdn.com/636242992/files/doc_financials/2021/q4/Sales-of-Key-Products-Franchises-4Q2021.pdf,"REMICADE WW fourth quarter 2021 and 2020 then twelve months 2021 and 2020, USD millions, percentage-change columns omitted | 764 | 901 | 3,190 | 3,747",direct_reported,,"J&J states this product on its own line of the quarterly Sales of Key Products/Franchises exhibit, in three rows - US, Intl and WW. The WW row is the one recorded; its columns are the quarter, the same quarter a year earlier, and where the exhibit carries a year-to-date block, that period and its prior-year comparative.",company_ir,millions,764
2022Q1,663,https://s203.q4cdn.com/636242992/files/doc_financials/2022/q1/Sales-of-Key-Products-Franchises-1Q2022.pdf,"REMICADE WW first quarter 2022 and 2021, USD millions, percentage-change columns omitted | 663 | 777",direct_reported,,"J&J states this product on its own line of the quarterly Sales of Key Products/Franchises exhibit, in three rows - US, Intl and WW. The WW row is the one recorded; its columns are the quarter, the same quarter a year earlier, and where the exhibit carries a year-to-date block, that period and its prior-year comparative.",company_ir,millions,663
2022Q2,647,https://s203.q4cdn.com/636242992/files/doc_financials/2022/q2/2Q22-Other-Financial-Disclosures.pdf,"REMICADE WW second quarter 2022 and 2021 then six months 2022 and 2021, USD millions, percentage-change columns omitted | 647 | 888 | 1,310 | 1,665",direct_reported,,"J&J states this product on its own line of the quarterly Sales of Key Products/Franchises exhibit, in three rows - US, Intl and WW. The WW row is the one recorded; its columns are the quarter, the same quarter a year earlier, and where the exhibit carries a year-to-date block, that period and its prior-year comparative.",company_ir,millions,647
2022Q3,558,https://s203.q4cdn.com/636242992/files/doc_financials/2022/q3/3Q22-Other-Financial-Disclosures.pdf,"REMICADE WW third quarter 2022 and 2021 then nine months 2022 and 2021, USD millions, percentage-change columns omitted | 558 | 761 | 1,868 | 2,426",direct_reported,,"J&J states this product on its own line of the quarterly Sales of Key Products/Franchises exhibit, in three rows - US, Intl and WW. The WW row is the one recorded; its columns are the quarter, the same quarter a year earlier, and where the exhibit carries a year-to-date block, that period and its prior-year comparative.",company_ir,millions,558
2022Q4,475,https://s203.q4cdn.com/636242992/files/doc_financials/2022/q4/4Q22-Other-Financial-Disclosures.pdf,"REMICADE WW fourth quarter 2022 and 2021 then twelve months 2022 and 2021, USD millions, percentage-change columns omitted | 475 | 764 | 2,343 | 3,190",direct_reported,,"J&J states this product on its own line of the quarterly Sales of Key Products/Franchises exhibit, in three rows - US, Intl and WW. The WW row is the one recorded; its columns are the quarter, the same quarter a year earlier, and where the exhibit carries a year-to-date block, that period and its prior-year comparative.",company_ir,millions,475
2023Q1,487,https://s203.q4cdn.com/636242992/files/doc_financials/2023/q1/1Q23-Other-Financial-Disclosures.pdf,"REMICADE WW first quarter 2023 and 2022, USD millions, percentage-change columns omitted | 487 | 663",direct_reported,,"J&J states this product on its own line of the quarterly Sales of Key Products/Franchises exhibit, in three rows - US, Intl and WW. The WW row is the one recorded; its columns are the quarter, the same quarter a year earlier, and where the exhibit carries a year-to-date block, that period and its prior-year comparative.",company_ir,millions,487
2023Q2,462,https://s203.q4cdn.com/636242992/files/doc_financials/2023/q2/2Q23-Other-Financial-Disclosures.pdf,"REMICADE WW second quarter 2023 and 2022 then six months 2023 and 2022, USD millions, percentage-change columns omitted | 462 | 647 | 949 | 1,310",direct_reported,,"J&J states this product on its own line of the quarterly Sales of Key Products/Franchises exhibit, in three rows - US, Intl and WW. The WW row is the one recorded; its columns are the quarter, the same quarter a year earlier, and where the exhibit carries a year-to-date block, that period and its prior-year comparative.",company_ir,millions,462
2023Q3,461,https://s203.q4cdn.com/636242992/files/doc_financials/2023/q3/3Q23-Other-Financial-Disclosures-PDF.pdf,"REMICADE WW third quarter 2023 and 2022 then nine months 2023 and 2022, USD millions, percentage-change columns omitted | 461 | 558 | 1,410 | 1,868",direct_reported,,"J&J states this product on its own line of the quarterly Sales of Key Products/Franchises exhibit, in three rows - US, Intl and WW. The WW row is the one recorded; its columns are the quarter, the same quarter a year earlier, and where the exhibit carries a year-to-date block, that period and its prior-year comparative.",company_ir,millions,461
2023Q4,429,https://s203.q4cdn.com/636242992/files/doc_financials/2023/q4/4Q23-Other-Financial-Disclosures.pdf,"REMICADE WW fourth quarter 2023 and 2022 then twelve months 2023 and 2022, USD millions, percentage-change columns omitted | 429 | 475 | 1,839 | 2,343",direct_reported,,"J&J states this product on its own line of the quarterly Sales of Key Products/Franchises exhibit, in three rows - US, Intl and WW. The WW row is the one recorded; its columns are the quarter, the same quarter a year earlier, and where the exhibit carries a year-to-date block, that period and its prior-year comparative.",company_ir,millions,429
2024Q1,434.0,https://s203.q4cdn.com/636242992/files/doc_financials/2024/q1/1Q24-Other-Financial-Disclosures.pdf,"REMICADE WW first quarter 2024 and 2023, USD millions, percentage-change columns omitted | 434 | 487",direct_reported,,"J&J states this product on its own line of the quarterly Sales of Key Products/Franchises exhibit, in three rows - US, Intl and WW. The WW row is the one recorded; its columns are the quarter, the same quarter a year earlier, and where the exhibit carries a year-to-date block, that period and its prior-year comparative.",company_ir,millions,434.0
2024Q2,393.0,https://s203.q4cdn.com/636242992/files/doc_financials/2024/q2/PROTECTED-2Q24-Other-Financial-Disclosures.pdf,"REMICADE WW second quarter 2024 and 2023 then six months 2024 and 2023, USD millions, percentage-change columns omitted | 393 | 462 | 827 | 949",direct_reported,,"J&J states this product on its own line of the quarterly Sales of Key Products/Franchises exhibit, in three rows - US, Intl and WW. The WW row is the one recorded; its columns are the quarter, the same quarter a year earlier, and where the exhibit carries a year-to-date block, that period and its prior-year comparative.",company_ir,millions,393.0
2024Q3,419.0,https://s203.q4cdn.com/636242992/files/doc_financials/2024/q3/PROTECTED-3Q24-Other-Financial-Disclosures.pdf,"REMICADE WW third quarter 2024 and 2023 then nine months 2024 and 2023, USD millions, percentage-change columns omitted | 419 | 461 | 1,246 | 1,410",direct_reported,,"J&J states this product on its own line of the quarterly Sales of Key Products/Franchises exhibit, in three rows - US, Intl and WW. The WW row is the one recorded; its columns are the quarter, the same quarter a year earlier, and where the exhibit carries a year-to-date block, that period and its prior-year comparative.",company_ir,millions,419.0
2024Q4,359.0,https://s203.q4cdn.com/636242992/files/doc_financials/2024/q4/PROTECTED-4Q24-Other-Financial-Disclosures.pdf,"REMICADE WW fourth quarter 2024 and 2023 then twelve months 2024 and 2023, USD millions, percentage-change columns omitted | 359 | 429 | 1,605 | 1,839",direct_reported,,"J&J states this product on its own line of the quarterly Sales of Key Products/Franchises exhibit, in three rows - US, Intl and WW. The WW row is the one recorded; its columns are the quarter, the same quarter a year earlier, and where the exhibit carries a year-to-date block, that period and its prior-year comparative.",company_ir,millions,359.0
2025Q1,467.0,https://s203.q4cdn.com/636242992/files/doc_financials/2025/q1/1Q25-Other-Financial-Disclosures.pdf,"REMICADE WW first quarter 2025 and 2024, USD millions, percentage-change columns omitted | 467 | 434",direct_reported,,"J&J states this product on its own line of the quarterly Sales of Key Products/Franchises exhibit, in three rows - US, Intl and WW. The WW row is the one recorded; its columns are the quarter, the same quarter a year earlier, and where the exhibit carries a year-to-date block, that period and its prior-year comparative.",company_ir,millions,467.0
2025Q2,455.0,https://s203.q4cdn.com/636242992/files/doc_financials/2025/q2/2Q25-Other-Financial-Disclosures.pdf,"REMICADE WW second quarter 2025 and 2024 then six months 2025 and 2024, USD millions, percentage-change columns omitted | 455 | 393 | 922 | 827",direct_reported,,"J&J states this product on its own line of the quarterly Sales of Key Products/Franchises exhibit, in three rows - US, Intl and WW. The WW row is the one recorded; its columns are the quarter, the same quarter a year earlier, and where the exhibit carries a year-to-date block, that period and its prior-year comparative.",company_ir,millions,455.0
2025Q3,476.0,https://s203.q4cdn.com/636242992/files/doc_financials/2025/q3/3Q25-Other-Financial-Disclosures.pdf,"REMICADE WW third quarter 2025 and 2024 then nine months 2025 and 2024, USD millions, percentage-change columns omitted | 476 | 419 | 1,398 | 1,246",direct_reported,,"J&J states this product on its own line of the quarterly Sales of Key Products/Franchises exhibit, in three rows - US, Intl and WW. The WW row is the one recorded; its columns are the quarter, the same quarter a year earlier, and where the exhibit carries a year-to-date block, that period and its prior-year comparative.",company_ir,millions,476.0
2025Q4,370.0,https://s203.q4cdn.com/636242992/files/doc_financials/2025/q4/4Q25-Other-Financial-Disclosures.pdf,"REMICADE WW fourth quarter 2025 and 2024 then twelve months 2025 and 2024, USD millions, percentage-change columns omitted | 370 | 359 | 1,768 | 1,605",direct_reported,,"J&J states this product on its own line of the quarterly Sales of Key Products/Franchises exhibit, in three rows - US, Intl and WW. The WW row is the one recorded; its columns are the quarter, the same quarter a year earlier, and where the exhibit carries a year-to-date block, that period and its prior-year comparative.",company_ir,millions,370.0
2026Q1,422.0,https://s203.q4cdn.com/636242992/files/doc_financials/2026/q1/1Q26-Other-Financial-Disclosures.pdf,"REMICADE WW first quarter 2026 and 2025, USD millions, percentage-change columns omitted | 422 | 467",direct_reported,,"J&J states this product on its own line of the quarterly Sales of Key Products/Franchises exhibit, in three rows - US, Intl and WW. The WW row is the one recorded; its columns are the quarter, the same quarter a year earlier, and where the exhibit carries a year-to-date block, that period and its prior-year comparative.",company_ir,millions,422.0
2026Q2,338.0,https://s203.q4cdn.com/636242992/files/doc_financials/2026/q2/2Q26-Other-Financial-Disclosures.pdf,"REMICADE WW second quarter 2026 and 2025 then six months 2026 and 2025, USD millions, percentage-change columns omitted | 338 | 455 | 760 | 922",direct_reported,,"J&J states this product on its own line of the quarterly Sales of Key Products/Franchises exhibit, in three rows - US, Intl and WW. The WW row is the one recorded; its columns are the quarter, the same quarter a year earlier, and where the exhibit carries a year-to-date block, that period and its prior-year comparative.",company_ir,millions,338.0
