period,value_reported,source_url,source_quote,derivation,precision,context,source_type,source_unit,source_value_reported,currency,row_label
2014Q1,76.9,https://www.sec.gov/Archives/edgar/data/59478/000005947815000132/lly-3312015x10q.htm,"Trajenta total revenue, three months ended March 31, 2015 and 2014, USD millions | 82.3 | 76.9",direct_prior_year_column,as_reported,"Lilly's revenue from the Trajenta (linagliptin) product family under its collaboration with Boehringer Ingelheim - collaboration and other revenue, not Lilly's own product sales: Boehringer Ingelheim (private) books the product sales and Lilly prints only its own revenue line. Lilly's footnote to the line in the release product tables states 'Trajenta includes Jentadueto'. Worldwide (U.S. plus outside U.S.), USD millions as printed to a tenth of a million. The recorded figure is the prior-year (2014) column of the Form 10-Q for the quarter ended March 31, 2015. Lilly's own 2014 quarterly filings (8-K earnings releases and 10-Qs) carry no Trajenta row - measured by listing every table row whose first cell is Trajenta in every Lilly 8-K and 10-Q 2011-2026 - so the 2015 filing is the earliest document that prints the quarter.",sec_filing,millions,76.9,USD,Trajenta
2014Q2,90.3,https://www.sec.gov/Archives/edgar/data/59478/000005947815000164/lly-6302015x10q.htm,"Trajenta total revenue, three months ended June 30, 2015 and 2014 then six months ended June 30, 2015 and 2014, USD millions | 80.0 | 90.3 | 162.4 | 167.1",direct_prior_year_column,as_reported,"Lilly's revenue from the Trajenta (linagliptin) product family under its collaboration with Boehringer Ingelheim - collaboration and other revenue, not Lilly's own product sales: Boehringer Ingelheim (private) books the product sales and Lilly prints only its own revenue line. Lilly's footnote to the line in the release product tables states 'Trajenta includes Jentadueto'. Worldwide (U.S. plus outside U.S.), USD millions as printed to a tenth of a million. The recorded figure is the prior-year (2014) column of the Form 10-Q for the quarter ended June 30, 2015. Lilly's own 2014 quarterly filings (8-K earnings releases and 10-Qs) carry no Trajenta row - measured by listing every table row whose first cell is Trajenta in every Lilly 8-K and 10-Q 2011-2026 - so the 2015 filing is the earliest document that prints the quarter.",sec_filing,millions,90.3,USD,Trajenta
2014Q3,78.9,https://www.sec.gov/Archives/edgar/data/59478/000005947815000175/lly-9302015x10q.htm,"Trajenta total revenue, three months ended September 30, 2015 and 2014 then nine months ended September 30, 2015 and 2014, USD millions | 92.7 | 78.9 | 255.0 | 246.1",direct_prior_year_column,as_reported,"Lilly's revenue from the Trajenta (linagliptin) product family under its collaboration with Boehringer Ingelheim - collaboration and other revenue, not Lilly's own product sales: Boehringer Ingelheim (private) books the product sales and Lilly prints only its own revenue line. Lilly's footnote to the line in the release product tables states 'Trajenta includes Jentadueto'. Worldwide (U.S. plus outside U.S.), USD millions as printed to a tenth of a million. The recorded figure is the prior-year (2014) column of the Form 10-Q for the quarter ended September 30, 2015. Lilly's own 2014 quarterly filings (8-K earnings releases and 10-Qs) carry no Trajenta row - measured by listing every table row whose first cell is Trajenta in every Lilly 8-K and 10-Q 2011-2026 - so the 2015 filing is the earliest document that prints the quarter.",sec_filing,millions,78.9,USD,Trajenta
2014Q4,82.7,https://www.sec.gov/Archives/edgar/data/59478/000005947815000100/lly-20141231x10k.htm,"Trajenta full year 2014, 2013, 2012 (collaboration-note row of the Form 10-K); Q4 2014 = full year 2014 328.8 less first nine months 2014 246.1 (Form 10-Q for the quarter ended September 30, 2015) = 82.7 | 328.8 | 249.2 | 88.6",annual_less_reported_first_nine_months,exact,"Lilly's revenue from the Trajenta (linagliptin) product family under its collaboration with Boehringer Ingelheim - collaboration and other revenue, not Lilly's own product sales: Boehringer Ingelheim (private) books the product sales and Lilly prints only its own revenue line. Lilly's footnote to the line in the release product tables states 'Trajenta includes Jentadueto'. Worldwide (U.S. plus outside U.S.), USD millions as printed to a tenth of a million. Lilly prints no fourth-quarter Trajenta figure for 2014. Arithmetic: 328.8 (full year 2014, Form 10-K https://www.sec.gov/Archives/edgar/data/59478/000005947815000100/lly-20141231x10k.htm) minus 246.1 (nine months 2014, stated as the prior-year column of the 2015 third-quarter Form 10-Q at https://www.sec.gov/Archives/edgar/data/59478/000005947815000175/lly-9302015x10q.htm; Lilly's own 2014 third-quarter 10-Q has no Trajenta row) = 82.7. Both inputs are printed to a tenth of a million.",sec_filing,millions,82.7,USD,Trajenta
2015Q1,82.3,https://www.sec.gov/Archives/edgar/data/59478/000005947815000132/lly-3312015x10q.htm,"Trajenta total revenue, three months ended March 31, 2015 and 2014, USD millions | 82.3 | 76.9",direct_reported,as_reported,"Lilly's revenue from the Trajenta (linagliptin) product family under its collaboration with Boehringer Ingelheim - collaboration and other revenue, not Lilly's own product sales: Boehringer Ingelheim (private) books the product sales and Lilly prints only its own revenue line. Lilly's footnote to the line in the release product tables states 'Trajenta includes Jentadueto'. Worldwide (U.S. plus outside U.S.), USD millions as printed to a tenth of a million. Read from the Form 10-Q for the quarter ended March 31, 2015: the current-quarter column of the Trajenta row (the row's other columns are the prior-year quarter). The same table family prints Trajenta in the Revenue-by-product table through the third quarter of 2020 and in the collaboration note from the first quarter of 2021.",sec_filing,millions,82.3,USD,Trajenta
2015Q2,80.0,https://www.sec.gov/Archives/edgar/data/59478/000005947815000164/lly-6302015x10q.htm,"Trajenta total revenue, three months ended June 30, 2015 and 2014 then six months ended June 30, 2015 and 2014, USD millions | 80.0 | 90.3 | 162.4 | 167.1",direct_reported,as_reported,"Lilly's revenue from the Trajenta (linagliptin) product family under its collaboration with Boehringer Ingelheim - collaboration and other revenue, not Lilly's own product sales: Boehringer Ingelheim (private) books the product sales and Lilly prints only its own revenue line. Lilly's footnote to the line in the release product tables states 'Trajenta includes Jentadueto'. Worldwide (U.S. plus outside U.S.), USD millions as printed to a tenth of a million. Read from the Form 10-Q for the quarter ended June 30, 2015: the current-quarter column of the Trajenta row (the row's other columns are the prior-year quarter and the year-to-date pair). The same table family prints Trajenta in the Revenue-by-product table through the third quarter of 2020 and in the collaboration note from the first quarter of 2021.",sec_filing,millions,80.0,USD,Trajenta
2015Q3,92.7,https://www.sec.gov/Archives/edgar/data/59478/000005947815000175/lly-9302015x10q.htm,"Trajenta total revenue, three months ended September 30, 2015 and 2014 then nine months ended September 30, 2015 and 2014, USD millions | 92.7 | 78.9 | 255.0 | 246.1",direct_reported,as_reported,"Lilly's revenue from the Trajenta (linagliptin) product family under its collaboration with Boehringer Ingelheim - collaboration and other revenue, not Lilly's own product sales: Boehringer Ingelheim (private) books the product sales and Lilly prints only its own revenue line. Lilly's footnote to the line in the release product tables states 'Trajenta includes Jentadueto'. Worldwide (U.S. plus outside U.S.), USD millions as printed to a tenth of a million. Read from the Form 10-Q for the quarter ended September 30, 2015: the current-quarter column of the Trajenta row (the row's other columns are the prior-year quarter and the year-to-date pair). The same table family prints Trajenta in the Revenue-by-product table through the third quarter of 2020 and in the collaboration note from the first quarter of 2021.",sec_filing,millions,92.7,USD,Trajenta
2015Q4,101.8,https://www.sec.gov/Archives/edgar/data/59478/000005947816000321/lly-20151231x10k.htm,"Trajenta full year 2015, 2014, 2013 (collaboration-note row of the Form 10-K); Q4 2015 = full year 2015 356.8 less first nine months 2015 255.0 (Form 10-Q for the quarter ended September 30, 2015) = 101.8 | 356.8 | 328.8 | 249.2",annual_less_reported_first_nine_months,exact,"Lilly's revenue from the Trajenta (linagliptin) product family under its collaboration with Boehringer Ingelheim - collaboration and other revenue, not Lilly's own product sales: Boehringer Ingelheim (private) books the product sales and Lilly prints only its own revenue line. Lilly's footnote to the line in the release product tables states 'Trajenta includes Jentadueto'. Worldwide (U.S. plus outside U.S.), USD millions as printed to a tenth of a million. Lilly prints no fourth-quarter Trajenta figure for 2015. Arithmetic: 356.8 (full year 2015, Form 10-K https://www.sec.gov/Archives/edgar/data/59478/000005947816000321/lly-20151231x10k.htm) minus 255.0 (nine months 2015, stated as current in the Form 10-Q at https://www.sec.gov/Archives/edgar/data/59478/000005947815000175/lly-9302015x10q.htm) = 101.8. Both inputs are printed to a tenth of a million.",sec_filing,millions,101.8,USD,Trajenta
2016Q1,94.4,https://www.sec.gov/Archives/edgar/data/59478/000005947816000353/lly-3312016x10q.htm,"Trajenta total revenue, three months ended March 31, 2016 and 2015, USD millions | 94.4 | 82.3",direct_reported,as_reported,"Lilly's revenue from the Trajenta (linagliptin) product family under its collaboration with Boehringer Ingelheim - collaboration and other revenue, not Lilly's own product sales: Boehringer Ingelheim (private) books the product sales and Lilly prints only its own revenue line. Lilly's footnote to the line in the release product tables states 'Trajenta includes Jentadueto'. Worldwide (U.S. plus outside U.S.), USD millions as printed to a tenth of a million. Read from the Form 10-Q for the quarter ended March 31, 2016: the current-quarter column of the Trajenta row (the row's other columns are the prior-year quarter). The same table family prints Trajenta in the Revenue-by-product table through the third quarter of 2020 and in the collaboration note from the first quarter of 2021.",sec_filing,millions,94.4,USD,Trajenta
2016Q2,121.0,https://www.sec.gov/Archives/edgar/data/59478/000005947816000399/lly-6302016x10q.htm,"Trajenta total revenue, three months ended June 30, 2016 and 2015 then six months ended June 30, 2016 and 2015, USD millions | 121.0 | 80.0 | 215.4 | 162.4",direct_reported,as_reported,"Lilly's revenue from the Trajenta (linagliptin) product family under its collaboration with Boehringer Ingelheim - collaboration and other revenue, not Lilly's own product sales: Boehringer Ingelheim (private) books the product sales and Lilly prints only its own revenue line. Lilly's footnote to the line in the release product tables states 'Trajenta includes Jentadueto'. Worldwide (U.S. plus outside U.S.), USD millions as printed to a tenth of a million. Read from the Form 10-Q for the quarter ended June 30, 2016: the current-quarter column of the Trajenta row (the row's other columns are the prior-year quarter and the year-to-date pair). The same table family prints Trajenta in the Revenue-by-product table through the third quarter of 2020 and in the collaboration note from the first quarter of 2021.",sec_filing,millions,121.0,USD,Trajenta
2016Q3,115.4,https://www.sec.gov/Archives/edgar/data/59478/000005947816000440/lly-9302016x10q.htm,"Trajenta total revenue, three months ended September 30, 2016 and 2015 then nine months ended September 30, 2016 and 2015, USD millions | 115.4 | 92.7 | 330.8 | 255.0",direct_reported,as_reported,"Lilly's revenue from the Trajenta (linagliptin) product family under its collaboration with Boehringer Ingelheim - collaboration and other revenue, not Lilly's own product sales: Boehringer Ingelheim (private) books the product sales and Lilly prints only its own revenue line. Lilly's footnote to the line in the release product tables states 'Trajenta includes Jentadueto'. Worldwide (U.S. plus outside U.S.), USD millions as printed to a tenth of a million. Read from the Form 10-Q for the quarter ended September 30, 2016: the current-quarter column of the Trajenta row (the row's other columns are the prior-year quarter and the year-to-date pair). The same table family prints Trajenta in the Revenue-by-product table through the third quarter of 2020 and in the collaboration note from the first quarter of 2021.",sec_filing,millions,115.4,USD,Trajenta
2016Q4,105.8,https://www.sec.gov/Archives/edgar/data/59478/000005947817000098/lly-20161231x10xk.htm,"Trajenta full year 2016, 2015, 2014 (collaboration-note row of the Form 10-K); Q4 2016 = full year 2016 436.6 less first nine months 2016 330.8 (Form 10-Q for the quarter ended September 30, 2016) = 105.8 | 436.6 | 356.8 | 328.8",annual_less_reported_first_nine_months,exact,"Lilly's revenue from the Trajenta (linagliptin) product family under its collaboration with Boehringer Ingelheim - collaboration and other revenue, not Lilly's own product sales: Boehringer Ingelheim (private) books the product sales and Lilly prints only its own revenue line. Lilly's footnote to the line in the release product tables states 'Trajenta includes Jentadueto'. Worldwide (U.S. plus outside U.S.), USD millions as printed to a tenth of a million. Lilly prints no fourth-quarter Trajenta figure for 2016. Arithmetic: 436.6 (full year 2016, Form 10-K https://www.sec.gov/Archives/edgar/data/59478/000005947817000098/lly-20161231x10xk.htm) minus 330.8 (nine months 2016, stated as current in the Form 10-Q at https://www.sec.gov/Archives/edgar/data/59478/000005947816000440/lly-9302016x10q.htm) = 105.8. Both inputs are printed to a tenth of a million.",sec_filing,millions,105.8,USD,Trajenta
2017Q1,113.0,https://www.sec.gov/Archives/edgar/data/59478/000005947817000129/lly-3312017x10q.htm,"Trajenta total revenue, three months ended March 31, 2017 and 2016, USD millions | 113.0 | 94.4",direct_reported,as_reported,"Lilly's revenue from the Trajenta (linagliptin) product family under its collaboration with Boehringer Ingelheim - collaboration and other revenue, not Lilly's own product sales: Boehringer Ingelheim (private) books the product sales and Lilly prints only its own revenue line. Lilly's footnote to the line in the release product tables states 'Trajenta includes Jentadueto'. Worldwide (U.S. plus outside U.S.), USD millions as printed to a tenth of a million. Read from the Form 10-Q for the quarter ended March 31, 2017: the current-quarter column of the Trajenta row (the row's other columns are the prior-year quarter). The same table family prints Trajenta in the Revenue-by-product table through the third quarter of 2020 and in the collaboration note from the first quarter of 2021.",sec_filing,millions,113.0,USD,Trajenta
2017Q2,141.9,https://www.sec.gov/Archives/edgar/data/59478/000005947817000183/lly-6302017x10q.htm,"Trajenta total revenue, three months ended June 30, 2017 and 2016 then six months ended June 30, 2017 and 2016, USD millions | 141.9 | 121.0 | 254.9 | 215.4",direct_reported,as_reported,"Lilly's revenue from the Trajenta (linagliptin) product family under its collaboration with Boehringer Ingelheim - collaboration and other revenue, not Lilly's own product sales: Boehringer Ingelheim (private) books the product sales and Lilly prints only its own revenue line. Lilly's footnote to the line in the release product tables states 'Trajenta includes Jentadueto'. Worldwide (U.S. plus outside U.S.), USD millions as printed to a tenth of a million. Read from the Form 10-Q for the quarter ended June 30, 2017: the current-quarter column of the Trajenta row (the row's other columns are the prior-year quarter and the year-to-date pair). The same table family prints Trajenta in the Revenue-by-product table through the third quarter of 2020 and in the collaboration note from the first quarter of 2021.",sec_filing,millions,141.9,USD,Trajenta
2017Q3,153.3,https://www.sec.gov/Archives/edgar/data/59478/000005947817000204/lly-9302017x10q.htm,"Trajenta total revenue, three months ended September 30, 2017 and 2016 then nine months ended September 30, 2017 and 2016, USD millions | 153.3 | 115.4 | 408.2 | 330.8",direct_reported,as_reported,"Lilly's revenue from the Trajenta (linagliptin) product family under its collaboration with Boehringer Ingelheim - collaboration and other revenue, not Lilly's own product sales: Boehringer Ingelheim (private) books the product sales and Lilly prints only its own revenue line. Lilly's footnote to the line in the release product tables states 'Trajenta includes Jentadueto'. Worldwide (U.S. plus outside U.S.), USD millions as printed to a tenth of a million. Read from the Form 10-Q for the quarter ended September 30, 2017: the current-quarter column of the Trajenta row (the row's other columns are the prior-year quarter and the year-to-date pair). The same table family prints Trajenta in the Revenue-by-product table through the third quarter of 2020 and in the collaboration note from the first quarter of 2021.",sec_filing,millions,153.3,USD,Trajenta
2017Q4,129.7,https://www.sec.gov/Archives/edgar/data/59478/000005947819000044/q418lillysalesandearningsp.htm,"Trajenta revenue, fourth quarter 2018 and 2017 then fiscal-year 2018 and 2017 columns, USD millions, percentage-change columns omitted | 156.2 | 129.7 | 574.7 | 537.9",direct_prior_year_column,as_reported,"Lilly's revenue from the Trajenta (linagliptin) product family under its collaboration with Boehringer Ingelheim - collaboration and other revenue, not Lilly's own product sales: Boehringer Ingelheim (private) books the product sales and Lilly prints only its own revenue line. Lilly's footnote to the line in the release product tables states 'Trajenta includes Jentadueto'. Worldwide (U.S. plus outside U.S.), USD millions as printed to a tenth of a million. The recorded figure is the prior-year (2017) column of the fourth-quarter 2018 earnings release; Lilly's own fourth-quarter 2017 release does not carry a Trajenta row (measured). Cross-check, not the source: the 2017 Form 10-K full year 537.9 less the nine months 408.2 in the third-quarter 2017 10-Q is 129.7.",sec_filing,millions,129.7,USD,Trajenta
2018Q1,141.1,https://www.sec.gov/Archives/edgar/data/59478/000005947818000136/lly-3312018x10q.htm,"Trajenta total revenue, three months ended March 31, 2018 and 2017, USD millions | 141.1 | 113.0",direct_reported,as_reported,"Lilly's revenue from the Trajenta (linagliptin) product family under its collaboration with Boehringer Ingelheim - collaboration and other revenue, not Lilly's own product sales: Boehringer Ingelheim (private) books the product sales and Lilly prints only its own revenue line. Lilly's footnote to the line in the release product tables states 'Trajenta includes Jentadueto'. Worldwide (U.S. plus outside U.S.), USD millions as printed to a tenth of a million. Read from the Form 10-Q for the quarter ended March 31, 2018: the current-quarter column of the Trajenta row (the row's other columns are the prior-year quarter). The same table family prints Trajenta in the Revenue-by-product table through the third quarter of 2020 and in the collaboration note from the first quarter of 2021.",sec_filing,millions,141.1,USD,Trajenta
2018Q2,141.7,https://www.sec.gov/Archives/edgar/data/59478/000005947818000188/lly-6302018x10q.htm,"Trajenta total revenue, three months ended June 30, 2018 and 2017 then six months ended June 30, 2018 and 2017, USD millions | 141.7 | 141.9 | 282.8 | 254.9",direct_reported,as_reported,"Lilly's revenue from the Trajenta (linagliptin) product family under its collaboration with Boehringer Ingelheim - collaboration and other revenue, not Lilly's own product sales: Boehringer Ingelheim (private) books the product sales and Lilly prints only its own revenue line. Lilly's footnote to the line in the release product tables states 'Trajenta includes Jentadueto'. Worldwide (U.S. plus outside U.S.), USD millions as printed to a tenth of a million. Read from the Form 10-Q for the quarter ended June 30, 2018: the current-quarter column of the Trajenta row (the row's other columns are the prior-year quarter and the year-to-date pair). The same table family prints Trajenta in the Revenue-by-product table through the third quarter of 2020 and in the collaboration note from the first quarter of 2021.",sec_filing,millions,141.7,USD,Trajenta
2018Q3,135.7,https://www.sec.gov/Archives/edgar/data/59478/000005947818000256/lly-9302018x10q.htm,"Trajenta total revenue, three months ended September 30, 2018 and 2017 then nine months ended September 30, 2018 and 2017, USD millions | 135.7 | 153.3 | 418.5 | 408.2",direct_reported,as_reported,"Lilly's revenue from the Trajenta (linagliptin) product family under its collaboration with Boehringer Ingelheim - collaboration and other revenue, not Lilly's own product sales: Boehringer Ingelheim (private) books the product sales and Lilly prints only its own revenue line. Lilly's footnote to the line in the release product tables states 'Trajenta includes Jentadueto'. Worldwide (U.S. plus outside U.S.), USD millions as printed to a tenth of a million. Read from the Form 10-Q for the quarter ended September 30, 2018: the current-quarter column of the Trajenta row (the row's other columns are the prior-year quarter and the year-to-date pair). The same table family prints Trajenta in the Revenue-by-product table through the third quarter of 2020 and in the collaboration note from the first quarter of 2021.",sec_filing,millions,135.7,USD,Trajenta
2018Q4,156.2,https://www.sec.gov/Archives/edgar/data/59478/000005947819000044/q418lillysalesandearningsp.htm,"Trajenta revenue, fourth quarter 2018 and 2017 then twelve months 2018 and 2017, USD millions, percentage-change columns omitted | 156.2 | 129.7 | 574.7 | 537.9",direct_reported,as_reported,"Lilly's revenue from the Trajenta (linagliptin) product family under its collaboration with Boehringer Ingelheim - collaboration and other revenue, not Lilly's own product sales: Boehringer Ingelheim (private) books the product sales and Lilly prints only its own revenue line. Lilly's footnote to the line in the release product tables states 'Trajenta includes Jentadueto'. Worldwide (U.S. plus outside U.S.), USD millions as printed to a tenth of a million. Read from the Selected Revenue Highlights (Established Pharma Products) table of the fourth-quarter 2018 earnings release filed as an 8-K exhibit; columns: quarter, same quarter a year earlier, percentage change, year to date, year to date a year earlier, percentage change.",sec_filing,millions,156.2,USD,Trajenta
2019Q1,131.9,https://www.sec.gov/Archives/edgar/data/59478/000005947819000174/lly-3312019x10q.htm,"Trajenta total revenue, three months ended March 31, 2019 and 2018, USD millions | 131.9 | 141.1",direct_reported,as_reported,"Lilly's revenue from the Trajenta (linagliptin) product family under its collaboration with Boehringer Ingelheim - collaboration and other revenue, not Lilly's own product sales: Boehringer Ingelheim (private) books the product sales and Lilly prints only its own revenue line. Lilly's footnote to the line in the release product tables states 'Trajenta includes Jentadueto'. Worldwide (U.S. plus outside U.S.), USD millions as printed to a tenth of a million. Read from the Form 10-Q for the quarter ended March 31, 2019: the current-quarter column of the Trajenta row (the row's other columns are the prior-year quarter). The same table family prints Trajenta in the Revenue-by-product table through the third quarter of 2020 and in the collaboration note from the first quarter of 2021.",sec_filing,millions,131.9,USD,Trajenta
2019Q2,153.9,https://www.sec.gov/Archives/edgar/data/59478/000005947819000232/lly-6302019x10q.htm,"Trajenta total revenue, three months ended June 30, 2019 and 2018 then six months ended June 30, 2019 and 2018, USD millions | 153.9 | 141.7 | 285.9 | 282.8",direct_reported,as_reported,"Lilly's revenue from the Trajenta (linagliptin) product family under its collaboration with Boehringer Ingelheim - collaboration and other revenue, not Lilly's own product sales: Boehringer Ingelheim (private) books the product sales and Lilly prints only its own revenue line. Lilly's footnote to the line in the release product tables states 'Trajenta includes Jentadueto'. Worldwide (U.S. plus outside U.S.), USD millions as printed to a tenth of a million. Read from the Form 10-Q for the quarter ended June 30, 2019: the current-quarter column of the Trajenta row (the row's other columns are the prior-year quarter and the year-to-date pair). The same table family prints Trajenta in the Revenue-by-product table through the third quarter of 2020 and in the collaboration note from the first quarter of 2021.",sec_filing,millions,153.9,USD,Trajenta
2019Q3,155.5,https://www.sec.gov/Archives/edgar/data/59478/000005947819000278/lly-9302019x10q.htm,"Trajenta total revenue, three months ended September 30, 2019 and 2018 then nine months ended September 30, 2019 and 2018, USD millions | 155.5 | 135.7 | 441.4 | 418.5",direct_reported,as_reported,"Lilly's revenue from the Trajenta (linagliptin) product family under its collaboration with Boehringer Ingelheim - collaboration and other revenue, not Lilly's own product sales: Boehringer Ingelheim (private) books the product sales and Lilly prints only its own revenue line. Lilly's footnote to the line in the release product tables states 'Trajenta includes Jentadueto'. Worldwide (U.S. plus outside U.S.), USD millions as printed to a tenth of a million. Read from the Form 10-Q for the quarter ended September 30, 2019: the current-quarter column of the Trajenta row (the row's other columns are the prior-year quarter and the year-to-date pair). The same table family prints Trajenta in the Revenue-by-product table through the third quarter of 2020 and in the collaboration note from the first quarter of 2021.",sec_filing,millions,155.5,USD,Trajenta
2019Q4,149.2,https://www.sec.gov/Archives/edgar/data/59478/000005947820000057/lly-20191231x10xk.htm,"Trajenta full year 2019, 2018, 2017 (collaboration-note row of the Form 10-K); Q4 2019 = full year 2019 590.6 less first nine months 2019 441.4 (Form 10-Q for the quarter ended September 30, 2019) = 149.2 | 590.6 | 574.7 | 537.9",annual_less_reported_first_nine_months,exact,"Lilly's revenue from the Trajenta (linagliptin) product family under its collaboration with Boehringer Ingelheim - collaboration and other revenue, not Lilly's own product sales: Boehringer Ingelheim (private) books the product sales and Lilly prints only its own revenue line. Lilly's footnote to the line in the release product tables states 'Trajenta includes Jentadueto'. Worldwide (U.S. plus outside U.S.), USD millions as printed to a tenth of a million. Lilly prints no fourth-quarter Trajenta figure for 2019. Arithmetic: 590.6 (full year 2019, Form 10-K https://www.sec.gov/Archives/edgar/data/59478/000005947820000057/lly-20191231x10xk.htm) minus 441.4 (nine months 2019, stated as current in the Form 10-Q at https://www.sec.gov/Archives/edgar/data/59478/000005947819000278/lly-9302019x10q.htm) = 149.2. Both inputs are printed to a tenth of a million.",sec_filing,millions,149.2,USD,Trajenta
2020Q1,93.2,https://www.sec.gov/Archives/edgar/data/59478/000005947820000104/lly-3312020x10q.htm,"Trajenta total revenue, three months ended March 31, 2020 and 2019, USD millions | 93.2 | 131.9",direct_reported,as_reported,"Lilly's revenue from the Trajenta (linagliptin) product family under its collaboration with Boehringer Ingelheim - collaboration and other revenue, not Lilly's own product sales: Boehringer Ingelheim (private) books the product sales and Lilly prints only its own revenue line. Lilly's footnote to the line in the release product tables states 'Trajenta includes Jentadueto'. Worldwide (U.S. plus outside U.S.), USD millions as printed to a tenth of a million. Read from the Form 10-Q for the quarter ended March 31, 2020: the current-quarter column of the Trajenta row (the row's other columns are the prior-year quarter). The same table family prints Trajenta in the Revenue-by-product table through the third quarter of 2020 and in the collaboration note from the first quarter of 2021.",sec_filing,millions,93.2,USD,Trajenta
2020Q2,76.8,https://www.sec.gov/Archives/edgar/data/59478/000005947820000131/lly-20200630.htm,"Trajenta total revenue, three months ended June 30, 2020 and 2019 then six months ended June 30, 2020 and 2019, USD millions | 76.8 | 153.9 | 170.0 | 285.9",direct_reported,as_reported,"Lilly's revenue from the Trajenta (linagliptin) product family under its collaboration with Boehringer Ingelheim - collaboration and other revenue, not Lilly's own product sales: Boehringer Ingelheim (private) books the product sales and Lilly prints only its own revenue line. Lilly's footnote to the line in the release product tables states 'Trajenta includes Jentadueto'. Worldwide (U.S. plus outside U.S.), USD millions as printed to a tenth of a million. Read from the Form 10-Q for the quarter ended June 30, 2020: the current-quarter column of the Trajenta row (the row's other columns are the prior-year quarter and the year-to-date pair). The same table family prints Trajenta in the Revenue-by-product table through the third quarter of 2020 and in the collaboration note from the first quarter of 2021.",sec_filing,millions,76.8,USD,Trajenta
2020Q3,91.7,https://www.sec.gov/Archives/edgar/data/59478/000005947820000155/lly-20200930.htm,"Trajenta total revenue, three months ended September 30, 2020 and 2019 then nine months ended September 30, 2020 and 2019, USD millions | 91.7 | 155.5 | 261.7 | 441.4",direct_reported,as_reported,"Lilly's revenue from the Trajenta (linagliptin) product family under its collaboration with Boehringer Ingelheim - collaboration and other revenue, not Lilly's own product sales: Boehringer Ingelheim (private) books the product sales and Lilly prints only its own revenue line. Lilly's footnote to the line in the release product tables states 'Trajenta includes Jentadueto'. Worldwide (U.S. plus outside U.S.), USD millions as printed to a tenth of a million. Read from the Form 10-Q for the quarter ended September 30, 2020: the current-quarter column of the Trajenta row (the row's other columns are the prior-year quarter and the year-to-date pair). The same table family prints Trajenta in the Revenue-by-product table through the third quarter of 2020 and in the collaboration note from the first quarter of 2021.",sec_filing,millions,91.7,USD,Trajenta
2020Q4,96.8,https://www.sec.gov/Archives/edgar/data/59478/000005947821000083/lly-20201231.htm,"Trajenta full year 2020, 2019, 2018 (collaboration-note row of the Form 10-K); Q4 2020 = full year 2020 358.5 less first nine months 2020 261.7 (Form 10-Q for the quarter ended September 30, 2020) = 96.8 | 358.5 | 590.6 | 574.7",annual_less_reported_first_nine_months,exact,"Lilly's revenue from the Trajenta (linagliptin) product family under its collaboration with Boehringer Ingelheim - collaboration and other revenue, not Lilly's own product sales: Boehringer Ingelheim (private) books the product sales and Lilly prints only its own revenue line. Lilly's footnote to the line in the release product tables states 'Trajenta includes Jentadueto'. Worldwide (U.S. plus outside U.S.), USD millions as printed to a tenth of a million. Lilly prints no fourth-quarter Trajenta figure for 2020. Arithmetic: 358.5 (full year 2020, Form 10-K https://www.sec.gov/Archives/edgar/data/59478/000005947821000083/lly-20201231.htm) minus 261.7 (nine months 2020, stated as current in the Form 10-Q at https://www.sec.gov/Archives/edgar/data/59478/000005947820000155/lly-20200930.htm) = 96.8. Both inputs are printed to a tenth of a million.",sec_filing,millions,96.8,USD,Trajenta
2021Q1,94.6,https://www.sec.gov/Archives/edgar/data/59478/000005947821000122/lly-20210331.htm,"Trajenta total revenue, three months ended March 31, 2021 and 2020, USD millions | 94.6 | 93.2",direct_reported,as_reported,"Lilly's revenue from the Trajenta (linagliptin) product family under its collaboration with Boehringer Ingelheim - collaboration and other revenue, not Lilly's own product sales: Boehringer Ingelheim (private) books the product sales and Lilly prints only its own revenue line. Lilly's footnote to the line in the release product tables states 'Trajenta includes Jentadueto'. Worldwide (U.S. plus outside U.S.), USD millions as printed to a tenth of a million. Read from the Form 10-Q for the quarter ended March 31, 2021: the current-quarter column of the Trajenta row (the row's other columns are the prior-year quarter). The same table family prints Trajenta in the Revenue-by-product table through the third quarter of 2020 and in the collaboration note from the first quarter of 2021.",sec_filing,millions,94.6,USD,Trajenta
2021Q2,89.2,https://www.sec.gov/Archives/edgar/data/59478/000005947821000171/lly-20210630.htm,"Trajenta total revenue, three months ended June 30, 2021 and 2020 then six months ended June 30, 2021 and 2020, USD millions | 89.2 | 76.8 | 183.8 | 170.0",direct_reported,as_reported,"Lilly's revenue from the Trajenta (linagliptin) product family under its collaboration with Boehringer Ingelheim - collaboration and other revenue, not Lilly's own product sales: Boehringer Ingelheim (private) books the product sales and Lilly prints only its own revenue line. Lilly's footnote to the line in the release product tables states 'Trajenta includes Jentadueto'. Worldwide (U.S. plus outside U.S.), USD millions as printed to a tenth of a million. Read from the Form 10-Q for the quarter ended June 30, 2021: the current-quarter column of the Trajenta row (the row's other columns are the prior-year quarter and the year-to-date pair). The same table family prints Trajenta in the Revenue-by-product table through the third quarter of 2020 and in the collaboration note from the first quarter of 2021.",sec_filing,millions,89.2,USD,Trajenta
2021Q3,96.1,https://www.sec.gov/Archives/edgar/data/59478/000005947821000216/lly-20210930.htm,"Trajenta total revenue, three months ended September 30, 2021 and 2020 then nine months ended September 30, 2021 and 2020, USD millions | 96.1 | 91.7 | 279.9 | 261.7",direct_reported,as_reported,"Lilly's revenue from the Trajenta (linagliptin) product family under its collaboration with Boehringer Ingelheim - collaboration and other revenue, not Lilly's own product sales: Boehringer Ingelheim (private) books the product sales and Lilly prints only its own revenue line. Lilly's footnote to the line in the release product tables states 'Trajenta includes Jentadueto'. Worldwide (U.S. plus outside U.S.), USD millions as printed to a tenth of a million. Read from the Form 10-Q for the quarter ended September 30, 2021: the current-quarter column of the Trajenta row (the row's other columns are the prior-year quarter and the year-to-date pair). The same table family prints Trajenta in the Revenue-by-product table through the third quarter of 2020 and in the collaboration note from the first quarter of 2021.",sec_filing,millions,96.1,USD,Trajenta
2021Q4,92.6,https://www.sec.gov/Archives/edgar/data/59478/000005947822000068/lly-20211231.htm,"Trajenta full year 2021, 2020, 2019 (collaboration-note row of the Form 10-K); Q4 2021 = full year 2021 372.5 less first nine months 2021 279.9 (Form 10-Q for the quarter ended September 30, 2021) = 92.6 | 372.5 | 358.5 | 590.6",annual_less_reported_first_nine_months,exact,"Lilly's revenue from the Trajenta (linagliptin) product family under its collaboration with Boehringer Ingelheim - collaboration and other revenue, not Lilly's own product sales: Boehringer Ingelheim (private) books the product sales and Lilly prints only its own revenue line. Lilly's footnote to the line in the release product tables states 'Trajenta includes Jentadueto'. Worldwide (U.S. plus outside U.S.), USD millions as printed to a tenth of a million. Lilly prints no fourth-quarter Trajenta figure for 2021. Arithmetic: 372.5 (full year 2021, Form 10-K https://www.sec.gov/Archives/edgar/data/59478/000005947822000068/lly-20211231.htm) minus 279.9 (nine months 2021, stated as current in the Form 10-Q at https://www.sec.gov/Archives/edgar/data/59478/000005947821000216/lly-20210930.htm) = 92.6. Both inputs are printed to a tenth of a million.",sec_filing,millions,92.6,USD,Trajenta
2022Q1,92.0,https://www.sec.gov/Archives/edgar/data/59478/000005947822000133/lly-20220331.htm,"Trajenta total revenue, three months ended March 31, 2022 and 2021, USD millions | 92.0 | 94.6",direct_reported,as_reported,"Lilly's revenue from the Trajenta (linagliptin) product family under its collaboration with Boehringer Ingelheim - collaboration and other revenue, not Lilly's own product sales: Boehringer Ingelheim (private) books the product sales and Lilly prints only its own revenue line. Lilly's footnote to the line in the release product tables states 'Trajenta includes Jentadueto'. Worldwide (U.S. plus outside U.S.), USD millions as printed to a tenth of a million. Read from the Form 10-Q for the quarter ended March 31, 2022: the current-quarter column of the Trajenta row (the row's other columns are the prior-year quarter). The same table family prints Trajenta in the Revenue-by-product table through the third quarter of 2020 and in the collaboration note from the first quarter of 2021.",sec_filing,millions,92.0,USD,Trajenta
2022Q2,97.1,https://www.sec.gov/Archives/edgar/data/59478/000005947822000196/lly-20220630.htm,"Trajenta total revenue, three months ended June 30, 2022 and 2021 then six months ended June 30, 2022 and 2021, USD millions | 97.1 | 89.2 | 189.2 | 183.8",direct_reported,as_reported,"Lilly's revenue from the Trajenta (linagliptin) product family under its collaboration with Boehringer Ingelheim - collaboration and other revenue, not Lilly's own product sales: Boehringer Ingelheim (private) books the product sales and Lilly prints only its own revenue line. Lilly's footnote to the line in the release product tables states 'Trajenta includes Jentadueto'. Worldwide (U.S. plus outside U.S.), USD millions as printed to a tenth of a million. Read from the Form 10-Q for the quarter ended June 30, 2022: the current-quarter column of the Trajenta row (the row's other columns are the prior-year quarter and the year-to-date pair). The same table family prints Trajenta in the Revenue-by-product table through the third quarter of 2020 and in the collaboration note from the first quarter of 2021.",sec_filing,millions,97.1,USD,Trajenta
2022Q3,103.8,https://www.sec.gov/Archives/edgar/data/59478/000005947822000250/lly-20220930.htm,"Trajenta total revenue, three months ended September 30, 2022 and 2021 then nine months ended September 30, 2022 and 2021, USD millions | 103.8 | 96.1 | 293.0 | 279.9",direct_reported,as_reported,"Lilly's revenue from the Trajenta (linagliptin) product family under its collaboration with Boehringer Ingelheim - collaboration and other revenue, not Lilly's own product sales: Boehringer Ingelheim (private) books the product sales and Lilly prints only its own revenue line. Lilly's footnote to the line in the release product tables states 'Trajenta includes Jentadueto'. Worldwide (U.S. plus outside U.S.), USD millions as printed to a tenth of a million. Read from the Form 10-Q for the quarter ended September 30, 2022: the current-quarter column of the Trajenta row (the row's other columns are the prior-year quarter and the year-to-date pair). The same table family prints Trajenta in the Revenue-by-product table through the third quarter of 2020 and in the collaboration note from the first quarter of 2021.",sec_filing,millions,103.8,USD,Trajenta
2022Q4,90.7,https://www.sec.gov/Archives/edgar/data/59478/000005947823000082/lly-20221231.htm,"Trajenta full year 2022, 2021, 2020 (collaboration-note row of the Form 10-K); Q4 2022 = full year 2022 383.7 less first nine months 2022 293.0 (Form 10-Q for the quarter ended September 30, 2022) = 90.7 | 383.7 | 372.5 | 358.5",annual_less_reported_first_nine_months,exact,"Lilly's revenue from the Trajenta (linagliptin) product family under its collaboration with Boehringer Ingelheim - collaboration and other revenue, not Lilly's own product sales: Boehringer Ingelheim (private) books the product sales and Lilly prints only its own revenue line. Lilly's footnote to the line in the release product tables states 'Trajenta includes Jentadueto'. Worldwide (U.S. plus outside U.S.), USD millions as printed to a tenth of a million. Lilly prints no fourth-quarter Trajenta figure for 2022. Arithmetic: 383.7 (full year 2022, Form 10-K https://www.sec.gov/Archives/edgar/data/59478/000005947823000082/lly-20221231.htm) minus 293.0 (nine months 2022, stated as current in the Form 10-Q at https://www.sec.gov/Archives/edgar/data/59478/000005947822000250/lly-20220930.htm) = 90.7. Both inputs are printed to a tenth of a million.",sec_filing,millions,90.7,USD,Trajenta
2023Q1,85.8,https://www.sec.gov/Archives/edgar/data/59478/000005947823000162/lly-20230331.htm,"Trajenta total revenue, three months ended March 31, 2023 and 2022, USD millions | 85.8 | 92.0",direct_reported,as_reported,"Lilly's revenue from the Trajenta (linagliptin) product family under its collaboration with Boehringer Ingelheim - collaboration and other revenue, not Lilly's own product sales: Boehringer Ingelheim (private) books the product sales and Lilly prints only its own revenue line. Lilly's footnote to the line in the release product tables states 'Trajenta includes Jentadueto'. Worldwide (U.S. plus outside U.S.), USD millions as printed to a tenth of a million. Read from the Form 10-Q for the quarter ended March 31, 2023: the current-quarter column of the Trajenta row (the row's other columns are the prior-year quarter). The same table family prints Trajenta in the Revenue-by-product table through the third quarter of 2020 and in the collaboration note from the first quarter of 2021.",sec_filing,millions,85.8,USD,Trajenta
2023Q2,103.6,https://www.sec.gov/Archives/edgar/data/59478/000005947823000221/lly-20230630.htm,"Trajenta total revenue, three months ended June 30, 2023 and 2022 then six months ended June 30, 2023 and 2022, USD millions | 103.6 | 97.1 | 189.5 | 189.2",direct_reported,as_reported,"Lilly's revenue from the Trajenta (linagliptin) product family under its collaboration with Boehringer Ingelheim - collaboration and other revenue, not Lilly's own product sales: Boehringer Ingelheim (private) books the product sales and Lilly prints only its own revenue line. Lilly's footnote to the line in the release product tables states 'Trajenta includes Jentadueto'. Worldwide (U.S. plus outside U.S.), USD millions as printed to a tenth of a million. Read from the Form 10-Q for the quarter ended June 30, 2023: the current-quarter column of the Trajenta row (the row's other columns are the prior-year quarter and the year-to-date pair). The same table family prints Trajenta in the Revenue-by-product table through the third quarter of 2020 and in the collaboration note from the first quarter of 2021.",sec_filing,millions,103.6,USD,Trajenta
2023Q3,95.2,https://www.sec.gov/Archives/edgar/data/59478/000005947823000284/lly-20230930.htm,"Trajenta total revenue, three months ended September 30, 2023 and 2022 then nine months ended September 30, 2023 and 2022, USD millions | 95.2 | 103.8 | 284.7 | 293.0",direct_reported,as_reported,"Lilly's revenue from the Trajenta (linagliptin) product family under its collaboration with Boehringer Ingelheim - collaboration and other revenue, not Lilly's own product sales: Boehringer Ingelheim (private) books the product sales and Lilly prints only its own revenue line. Lilly's footnote to the line in the release product tables states 'Trajenta includes Jentadueto'. Worldwide (U.S. plus outside U.S.), USD millions as printed to a tenth of a million. Read from the Form 10-Q for the quarter ended September 30, 2023: the current-quarter column of the Trajenta row (the row's other columns are the prior-year quarter and the year-to-date pair). The same table family prints Trajenta in the Revenue-by-product table through the third quarter of 2020 and in the collaboration note from the first quarter of 2021.",sec_filing,millions,95.2,USD,Trajenta
2023Q4,102.2,https://www.sec.gov/Archives/edgar/data/59478/000005947824000065/lly-20231231.htm,"Trajenta full year 2023, 2022, 2021 (collaboration-note row of the Form 10-K); Q4 2023 = full year 2023 386.9 less first nine months 2023 284.7 (Form 10-Q for the quarter ended September 30, 2023) = 102.2 | 386.9 | 383.7 | 372.5",annual_less_reported_first_nine_months,exact,"Lilly's revenue from the Trajenta (linagliptin) product family under its collaboration with Boehringer Ingelheim - collaboration and other revenue, not Lilly's own product sales: Boehringer Ingelheim (private) books the product sales and Lilly prints only its own revenue line. Lilly's footnote to the line in the release product tables states 'Trajenta includes Jentadueto'. Worldwide (U.S. plus outside U.S.), USD millions as printed to a tenth of a million. Lilly prints no fourth-quarter Trajenta figure for 2023. Arithmetic: 386.9 (full year 2023, Form 10-K https://www.sec.gov/Archives/edgar/data/59478/000005947824000065/lly-20231231.htm) minus 284.7 (nine months 2023, stated as current in the Form 10-Q at https://www.sec.gov/Archives/edgar/data/59478/000005947823000284/lly-20230930.htm) = 102.2. Both inputs are printed to a tenth of a million.",sec_filing,millions,102.2,USD,Trajenta
2024Q1,88.9,https://www.sec.gov/Archives/edgar/data/59478/000005947824000118/lly-20240331.htm,"Trajenta total revenue, three months ended March 31, 2024 and 2023, USD millions | 88.9 | 85.8",direct_reported,as_reported,"Lilly's revenue from the Trajenta (linagliptin) product family under its collaboration with Boehringer Ingelheim - collaboration and other revenue, not Lilly's own product sales: Boehringer Ingelheim (private) books the product sales and Lilly prints only its own revenue line. Lilly's footnote to the line in the release product tables states 'Trajenta includes Jentadueto'. Worldwide (U.S. plus outside U.S.), USD millions as printed to a tenth of a million. Read from the Form 10-Q for the quarter ended March 31, 2024: the current-quarter column of the Trajenta row (the row's other columns are the prior-year quarter). The same table family prints Trajenta in the Revenue-by-product table through the third quarter of 2020 and in the collaboration note from the first quarter of 2021.",sec_filing,millions,88.9,USD,Trajenta
2024Q2,76.6,https://www.sec.gov/Archives/edgar/data/59478/000005947824000187/lly-20240630.htm,"Trajenta total revenue, three months ended June 30, 2024 and 2023 then six months ended June 30, 2024 and 2023, USD millions | 76.6 | 103.6 | 165.5 | 189.5",direct_reported,as_reported,"Lilly's revenue from the Trajenta (linagliptin) product family under its collaboration with Boehringer Ingelheim - collaboration and other revenue, not Lilly's own product sales: Boehringer Ingelheim (private) books the product sales and Lilly prints only its own revenue line. Lilly's footnote to the line in the release product tables states 'Trajenta includes Jentadueto'. Worldwide (U.S. plus outside U.S.), USD millions as printed to a tenth of a million. Read from the Form 10-Q for the quarter ended June 30, 2024: the current-quarter column of the Trajenta row (the row's other columns are the prior-year quarter and the year-to-date pair). The same table family prints Trajenta in the Revenue-by-product table through the third quarter of 2020 and in the collaboration note from the first quarter of 2021.",sec_filing,millions,76.6,USD,Trajenta
2024Q3,91.7,https://www.sec.gov/Archives/edgar/data/59478/000005947824000245/lly-20240930.htm,"Trajenta total revenue, three months ended September 30, 2024 and 2023 then nine months ended September 30, 2024 and 2023, USD millions | 91.7 | 95.2 | 257.3 | 284.7",direct_reported,as_reported,"Lilly's revenue from the Trajenta (linagliptin) product family under its collaboration with Boehringer Ingelheim - collaboration and other revenue, not Lilly's own product sales: Boehringer Ingelheim (private) books the product sales and Lilly prints only its own revenue line. Lilly's footnote to the line in the release product tables states 'Trajenta includes Jentadueto'. Worldwide (U.S. plus outside U.S.), USD millions as printed to a tenth of a million. Read from the Form 10-Q for the quarter ended September 30, 2024: the current-quarter column of the Trajenta row (the row's other columns are the prior-year quarter and the year-to-date pair). The same table family prints Trajenta in the Revenue-by-product table through the third quarter of 2020 and in the collaboration note from the first quarter of 2021.",sec_filing,millions,91.7,USD,Trajenta
