period,value_reported,source_url,source_quote,derivation
2024Q2,70,https://www.sec.gov/Archives/edgar/data/310158/000162828024034715/mrk-20240630.htm,"Winrevair cardiovascular product sales, second quarter 2024 and 2023 then first six months 2024 and 2023, USD millions, percentage-change columns omitted | 70 | - | 70 | -",direct_reported
2024Q3,149,https://www.sec.gov/Archives/edgar/data/310158/000162828024045689/mrk-20240930.htm,"Winrevair cardiovascular product sales, third quarter 2024 and 2023 then first nine months 2024 and 2023, USD millions, percentage-change columns omitted | 149 | - | 219 | -",direct_reported
2024Q4,200,https://www.merck.com/news/merck-announces-fourth-quarter-and-full-year-2024-financial-results,Full-year 2024 Winrevair sales of $419 million less the reported first nine months of $219 million yields a fourth quarter of $200 million.,annual_less_reported_first_nine_months
2025Q1,280,https://www.sec.gov/Archives/edgar/data/310158/000162828025021834/mrk-20250331.htm,Sales of Winrevair were $280 million in the first quarter of 2025 primarily reflecting continued uptake in the U.S. since launch in the second quarter of 2024.,direct_reported
2025Q2,336,https://www.sec.gov/Archives/edgar/data/310158/000031015825000014/mrk-20250630.htm,"Sales of Winrevair were $336 million and $615 million in the second quarter and first six months of 2025, respectively, primarily reflecting continued uptake in the U.S. since launch in the second quarter of 2024.",direct_reported
2025Q3,360,https://www.sec.gov/Archives/edgar/data/310158/000031015825000059/mrk-20250930.htm,"Sales of Winrevair were $360 million and $976 million in the third quarter and first nine months of 2025, respectively, largely reflecting higher sales in the U.S. due to continued uptake since launch in the second quarter of 2024.",direct_reported
2025Q4,467,https://www.merck.com/wp-content/uploads/sites/124/2026/02/4Q25-Merck-Earnings-Announcement.pdf,"Full-year 2025 Winrevair sales of $1,443 million less the reported first nine months of $976 million yields a fourth quarter of $467 million.",annual_less_reported_first_nine_months
2026Q1,525,https://www.sec.gov/Archives/edgar/data/310158/000162828026029802/mrk-20260331.htm,"Sales of Winrevair rose to $525 million in the first quarter of 2026 largely due to continued uptake in the U.S. and early launch uptake in certain international markets, particularly in Japan and Europe.",direct_reported
2026Q2,588,https://www.sec.gov/Archives/edgar/data/310158/000031015826000212/mrk-20260630.htm,"Winrevair | $ 588 | $ 336 | 75 % | 75 % | $ 1,114 | $ 615 | 81 % | 81 %",direct_reported
