id,therapeutic_area,brand_name,generic_name,status_in_request
D001,Oncology,Keytruda,pembrolizumab,Completed
D002,Oncology,Opdivo,nivolumab,Completed
D003,Oncology,Yervoy,ipilimumab,Completed
D004,Oncology,Tecentriq,atezolizumab,Completed
D005,Oncology,Imfinzi,durvalumab,
D006,Oncology,Libtayo,cemiplimab,
D007,Oncology,Jemperli,dostarlimab,
D008,Oncology,Kymriah,tisagenlecleucel,
D009,Oncology,Yescarta,axicabtagene ciloleucel,
D010,Oncology,Breyanzi,lisocabtagene maraleucel,
D011,Oncology,Abecma,idecabtagene vicleucel,
D012,Oncology,Carvykti,ciltacabtagene autoleucel,
D013,Oncology,Tecvayli,teclistamab,
D014,Oncology,Talvey,talquetamab,
D015,Oncology,Blincyto,blinatumomab,
D016,Oncology,Enhertu,trastuzumab deruxtecan,
D017,Oncology,Trodelvy,sacituzumab govitecan,
D018,Oncology,Padcev,enfortumab vedotin,
D019,Oncology,Elahere,mirvetuximab soravtansine,
D020,Oncology,Kadcyla,ado-trastuzumab emtansine,
D021,Oncology,Polivy,polatuzumab vedotin,
D022,Oncology,Adcetris,brentuximab vedotin,
D023,Oncology,Lutathera,lutetium Lu 177 dotatate,
D024,Oncology,Pluvicto,lutetium Lu 177 vipivotide tetraxetan,
D025,Oncology,Venclexta,venetoclax,
D026,Oncology,Imbruvica,ibrutinib,
D027,Oncology,Calquence,acalabrutinib,
D028,Oncology,Brukinsa,zanubrutinib,
D029,Oncology,Darzalex,daratumumab,Completed
D030,Oncology,Sarclisa,isatuximab,
D031,Oncology,Revlimid,lenalidomide,
D032,Oncology,Pomalyst,pomalidomide,
D033,Oncology,Kyprolis,carfilzomib,
D034,Oncology,Tagrisso,osimertinib,
D035,Oncology,Lumakras,sotorasib,
D036,Oncology,Krazati,adagrasib,
D037,Oncology,Alecensa,alectinib,
D038,Oncology,Lorbrena,lorlatinib,
D039,Oncology,Rybrevant,amivantamab,
D040,Oncology,Verzenio,abemaciclib,
D041,Oncology,Ibrance,palbociclib,
D042,Oncology,Kisqali,ribociclib,
D043,Oncology,Lynparza,olaparib,
D044,Oncology,Zejula,niraparib,
D045,Oncology,Xtandi,enzalutamide,
D046,Oncology,Erleada,apalutamide,
D047,Oncology,Nubeqa,darolutamide,
D048,Oncology,Cabometyx,cabozantinib,
D049,Oncology,Lenvima,lenvatinib,
D050,Oncology,Jakafi,ruxolitinib,
D051,Immunology / Inflammation,Humira,adalimumab,
D052,Immunology / Inflammation,Skyrizi,risankizumab,
D053,Immunology / Inflammation,Rinvoq,upadacitinib,
D054,Immunology / Inflammation,Stelara,ustekinumab,
D055,Immunology / Inflammation,Tremfya,guselkumab,
D056,Immunology / Inflammation,Simponi,golimumab,
D057,Immunology / Inflammation,Remicade,infliximab,
D058,Immunology / Inflammation,Entyvio,vedolizumab,
D059,Immunology / Inflammation,Omvoh,mirikizumab,
D060,Immunology / Inflammation,Taltz,ixekizumab,
D061,Immunology / Inflammation,Olumiant,baricitinib,
D062,Immunology / Inflammation,Cosentyx,secukinumab,
D063,Immunology / Inflammation,Dupixent,dupilumab,Completed
D064,Immunology / Inflammation,Kevzara,sarilumab,
D065,Immunology / Inflammation,Actemra,tocilizumab,
D066,Immunology / Inflammation,Orencia,abatacept,
D067,Immunology / Inflammation,Cimzia,certolizumab pegol,
D068,Immunology / Inflammation,Enbrel,etanercept,
D069,Immunology / Inflammation,Otezla,apremilast,
D070,Immunology / Inflammation,Sotyktu,deucravacitinib,
D071,Immunology / Inflammation,Ilumya,tildrakizumab,
D072,Immunology / Inflammation,Bimzelx,bimekizumab,
D073,Immunology / Inflammation,Cibinqo,abrocitinib,
D074,Immunology / Inflammation,Xeljanz,tofacitinib,
D075,Immunology / Inflammation,Velsipity,etrasimod,
D076,Cardiometabolic / Renal,Ozempic,semaglutide,
D077,Cardiometabolic / Renal,Wegovy,semaglutide,
D078,Cardiometabolic / Renal,Rybelsus,semaglutide,
D079,Cardiometabolic / Renal,Mounjaro,tirzepatide,
D080,Cardiometabolic / Renal,Zepbound,tirzepatide,
D081,Cardiometabolic / Renal,Trulicity,dulaglutide,
D082,Cardiometabolic / Renal,Jardiance,empagliflozin,Completed
D083,Cardiometabolic / Renal,Farxiga,dapagliflozin,
D084,Cardiometabolic / Renal,Invokana,canagliflozin,
D085,Cardiometabolic / Renal,Januvia,sitagliptin,
D086,Cardiometabolic / Renal,Tradjenta,linagliptin,
D087,Cardiometabolic / Renal,Victoza,liraglutide,
D088,Cardiometabolic / Renal,Saxenda,liraglutide,
D089,Cardiometabolic / Renal,Lantus,insulin glargine,
D090,Cardiometabolic / Renal,Tresiba,insulin degludec,
D091,Cardiometabolic / Renal,Toujeo,insulin glargine U-300,
D092,Cardiometabolic / Renal,Humalog,insulin lispro,
D093,Cardiometabolic / Renal,Eliquis,apixaban,
D094,Cardiometabolic / Renal,Xarelto,rivaroxaban,
D095,Cardiometabolic / Renal,Brilinta,ticagrelor,
D096,Cardiometabolic / Renal,Entresto,sacubitril/valsartan,
D097,Cardiometabolic / Renal,Repatha,evolocumab,
D098,Cardiometabolic / Renal,Praluent,alirocumab,
D099,Cardiometabolic / Renal,Leqvio,inclisiran,
D100,Cardiometabolic / Renal,Vyndaqel / Vyndamax,tafamidis,
D101,Neurology / Psychiatry,Ocrevus,ocrelizumab,
D102,Neurology / Psychiatry,Kesimpta,ofatumumab,
D103,Neurology / Psychiatry,Mayzent,siponimod,
D104,Neurology / Psychiatry,Mavenclad,cladribine,
D105,Neurology / Psychiatry,Vumerity,diroximel fumarate,
D106,Neurology / Psychiatry,Tecfidera,dimethyl fumarate,
D107,Neurology / Psychiatry,Aubagio,teriflunomide,
D108,Neurology / Psychiatry,Gilenya,fingolimod,
D109,Neurology / Psychiatry,Spinraza,nusinersen,
D110,Neurology / Psychiatry,Evrysdi,risdiplam,
D111,Neurology / Psychiatry,Skyclarys,omaveloxolone,
D112,Neurology / Psychiatry,Radicava ORS,edaravone,
D113,Neurology / Psychiatry,Qalsody,tofersen,
D114,Neurology / Psychiatry,Aimovig,erenumab,
D115,Neurology / Psychiatry,Ajovy,fremanezumab,
D116,Neurology / Psychiatry,Emgality,galcanezumab,
D117,Neurology / Psychiatry,Nurtec ODT,rimegepant,
D118,Neurology / Psychiatry,Ubrelvy,ubrogepant,
D119,Neurology / Psychiatry,Austedo,deutetrabenazine,
D120,Neurology / Psychiatry,Ingrezza,valbenazine,
D121,Neurology / Psychiatry,Vraylar,cariprazine,Completed
D122,Neurology / Psychiatry,Leqembi,lecanemab,
D123,Rare Disease / Hematology,Soliris,eculizumab,
D124,Rare Disease / Hematology,Ultomiris,ravulizumab,
D125,Rare Disease / Hematology,Vyvgart,efgartigimod alfa,
D126,Rare Disease / Hematology,Rystiggo,rozanolixizumab,
D127,Rare Disease / Hematology,Uplizna,inebilizumab,
D128,Rare Disease / Hematology,Enspryng,satralizumab,
D129,Rare Disease / Hematology,Hemlibra,emicizumab,
D130,Rare Disease / Hematology,Adynovate,antihemophilic factor PEGylated,
D131,Rare Disease / Hematology,Eloctate,efmoroctocog alfa,
D132,Rare Disease / Hematology,Alprolix,eftrenonacog alfa,
D133,Rare Disease / Hematology,Jivi,damoctocog alfa pegol,
D134,Rare Disease / Hematology,Esperoct,turoctocog alfa pegol,
D135,Rare Disease / Hematology,Roctavian,valoctocogene roxaparvovec,
D136,Rare Disease / Hematology,Hemgenix,etranacogene dezaparvovec,
D137,Rare Disease / Hematology,Luxturna,voretigene neparvovec,
D138,Rare Disease / Hematology,Zolgensma,onasemnogene abeparvovec,
D139,Rare Disease / Hematology,Elevidys,delandistrogene moxeparvovec,
D140,Rare Disease / Hematology,Exondys 51,eteplirsen,
D141,Rare Disease / Hematology,Vyondys 53,golodirsen,
D142,Rare Disease / Hematology,Amondys 45,casimersen,
D143,Rare Disease / Hematology,Vimizim,elosulfase alfa,
D144,Rare Disease / Hematology,Fabrazyme,agalsidase beta,
D145,Rare Disease / Hematology,Galafold,migalastat,
D146,Rare Disease / Hematology,Crysvita,burosumab,
D147,Rare Disease / Hematology,Voxzogo,vosoritide,
D148,Infectious Disease / Vaccines,Biktarvy,bictegravir/emtricitabine/tenofovir alafenamide,Completed
D149,Infectious Disease / Vaccines,Triumeq,dolutegravir/abacavir/lamivudine,
D150,Infectious Disease / Vaccines,Dovato,dolutegravir/lamivudine,
D151,Infectious Disease / Vaccines,Cabenuva,cabotegravir/rilpivirine,
D152,Infectious Disease / Vaccines,Descovy,emtricitabine/tenofovir alafenamide,
D153,Infectious Disease / Vaccines,Apretude,cabotegravir,
D154,Infectious Disease / Vaccines,Epclusa,sofosbuvir/velpatasvir,
D155,Infectious Disease / Vaccines,Harvoni,ledipasvir/sofosbuvir,
D156,Infectious Disease / Vaccines,Mavyret,glecaprevir/pibrentasvir,
D157,Infectious Disease / Vaccines,Prevnar 20,pneumococcal 20-valent conjugate vaccine,
D158,Infectious Disease / Vaccines,Vaxneuvance,pneumococcal 15-valent conjugate vaccine,
D159,Infectious Disease / Vaccines,Shingrix,"zoster vaccine recombinant, adjuvanted",
D160,Infectious Disease / Vaccines,Gardasil 9,human papillomavirus 9-valent vaccine,
D161,Infectious Disease / Vaccines,Comirnaty,"COVID-19 vaccine, mRNA",
D162,Infectious Disease / Vaccines,Spikevax,"COVID-19 vaccine, mRNA",
D163,Infectious Disease / Vaccines,Arexvy,"respiratory syncytial virus vaccine, adjuvanted",
D164,Infectious Disease / Vaccines,Abrysvo,respiratory syncytial virus vaccine,
D165,Infectious Disease / Vaccines,Beyfortus,nirsevimab,
D166,Respiratory / Allergy,Trelegy Ellipta,fluticasone furoate/umeclidinium/vilanterol,Completed
D167,Respiratory / Allergy,Breztri Aerosphere,budesonide/glycopyrrolate/formoterol,
D168,Respiratory / Allergy,Symbicort,budesonide/formoterol,
D169,Respiratory / Allergy,Advair Diskus,fluticasone/salmeterol,
D170,Respiratory / Allergy,Spiriva,tiotropium,
D171,Respiratory / Allergy,Breo Ellipta,fluticasone furoate/vilanterol,
D172,Respiratory / Allergy,Airsupra,albuterol/budesonide,
D173,Respiratory / Allergy,Nucala,mepolizumab,
D174,Respiratory / Allergy,Fasenra,benralizumab,
D175,Respiratory / Allergy,Tezspire,tezepelumab,
D176,Respiratory / Allergy,Xolair,omalizumab,
D177,Respiratory / Allergy,Cinqair,reslizumab,
D178,Respiratory / Allergy,Daliresp,roflumilast,
D179,Ophthalmology,Eylea,aflibercept,
D180,Ophthalmology,Vabysmo,faricimab,
D181,Ophthalmology,Lucentis,ranibizumab,
D182,Ophthalmology,Beovu,brolucizumab,
D183,Ophthalmology,Syfovre,pegcetacoplan,
D184,Ophthalmology,Izervay,avacincaptad pegol,
D185,Ophthalmology,Xiidra,lifitegrast,
D186,Ophthalmology,Restasis,cyclosporine ophthalmic emulsion,
D187,Ophthalmology,Tyrvaya,varenicline solution nasal spray,
D188,Ophthalmology,Miebo,perfluorohexyloctane ophthalmic solution,
D189,GI / Liver / Women's Health / Urology,Linzess,linaclotide,
D190,GI / Liver / Women's Health / Urology,Trulance,plecanatide,
D191,GI / Liver / Women's Health / Urology,Motegrity,prucalopride,
D192,GI / Liver / Women's Health / Urology,Xifaxan,rifaximin,
D193,GI / Liver / Women's Health / Urology,Viberzi,eluxadoline,
D194,GI / Liver / Women's Health / Urology,Gattex,teduglutide,
D195,GI / Liver / Women's Health / Urology,Rezdiffra,resmetirom,
D196,GI / Liver / Women's Health / Urology,Ocaliva,obeticholic acid,
D197,GI / Liver / Women's Health / Urology,Livdelzi,seladelpar,
D198,GI / Liver / Women's Health / Urology,Myrbetriq,mirabegron,
D199,GI / Liver / Women's Health / Urology,Gemtesa,vibegron,
D200,GI / Liver / Women's Health / Urology,Veozah,fezolinetant,
