drug_name,moa,moa_class,route_of_administration,first_approval_year,indication_area,attribute_provenance,peer_universe_role
Flolan,Prostacyclin (PGI2) analogue,prostacyclin_pathway,Intravenous,1995,Pulmonary arterial hypertension,curated_reference,distinct_product
Tracleer,Dual endothelin receptor antagonist,endothelin_pathway,Oral,2001,Pulmonary arterial hypertension,curated_reference,distinct_product
Remodulin,Prostacyclin (PGI2) analogue,prostacyclin_pathway,Parenteral,2002,Pulmonary arterial hypertension,curated_reference,distinct_product
Ventavis,Prostacyclin (PGI2) analogue,prostacyclin_pathway,Inhaled,2004,Pulmonary arterial hypertension,curated_reference,distinct_product
Revatio,PDE5 inhibitor,nitric_oxide_pathway,Oral,2005,Pulmonary arterial hypertension,curated_reference,distinct_product
Letairis,Selective ETA endothelin receptor antagonist,endothelin_pathway,Oral,2007,Pulmonary arterial hypertension,curated_reference,distinct_product
Tyvaso,Prostacyclin (PGI2) analogue,prostacyclin_pathway,Inhaled,2009,Pulmonary arterial hypertension,curated_reference,distinct_product
Nebulized Tyvaso,Prostacyclin (PGI2) analogue,prostacyclin_pathway,Inhaled,2009,Pulmonary arterial hypertension,curated_reference,formulation_of:Tyvaso
Adcirca,PDE5 inhibitor,nitric_oxide_pathway,Oral,2009,Pulmonary arterial hypertension,curated_reference,distinct_product
Veletri,Prostacyclin (PGI2) analogue,prostacyclin_pathway,Intravenous,2010,Pulmonary arterial hypertension,curated_reference,distinct_product
Opsumit,Dual endothelin receptor antagonist,endothelin_pathway,Oral,2013,Pulmonary arterial hypertension,curated_reference,distinct_product
Orenitram,Prostacyclin (PGI2) analogue,prostacyclin_pathway,Oral,2013,Pulmonary arterial hypertension,curated_reference,distinct_product
Adempas,Soluble guanylate cyclase stimulator,nitric_oxide_pathway,Oral,2013,Pulmonary arterial hypertension,curated_reference,distinct_product
Uptravi,Selective IP prostacyclin receptor agonist,prostacyclin_pathway,Oral,2015,Pulmonary arterial hypertension,curated_reference,distinct_product
Alyq,PDE5 inhibitor,nitric_oxide_pathway,Oral,2018,Pulmonary arterial hypertension,curated_reference,distinct_product
Tyvaso DPI,Prostacyclin (PGI2) analogue,prostacyclin_pathway,Inhaled,2022,Pulmonary arterial hypertension,curated_reference,distinct_product
Tadliq,PDE5 inhibitor,nitric_oxide_pathway,Oral,2022,Pulmonary arterial hypertension,curated_reference,distinct_product
Liqrev,PDE5 inhibitor,nitric_oxide_pathway,Oral,2023,Pulmonary arterial hypertension,curated_reference,distinct_product
Winrevair,Activin signalling inhibitor (ActRIIA-Fc fusion),activin_pathway,Subcutaneous,2024,Pulmonary arterial hypertension,curated_reference,distinct_product
Yutrepia,Prostacyclin (PGI2) analogue,prostacyclin_pathway,Inhaled,2025,Pulmonary arterial hypertension,curated_reference,distinct_product
AmBisome,Liposomal amphotericin B polyene antifungal,antifungal,Intravenous,1997,Invasive fungal infection,curated_reference,distinct_product
Truvada,Two NRTIs (FTC/TDF),hiv_antiretroviral,Oral,2004,HIV,curated_reference,distinct_product
Atripla,NNRTI plus two NRTIs (efavirenz/FTC/TDF),hiv_antiretroviral,Oral,2006,HIV,curated_reference,distinct_product
Complera,NNRTI plus two NRTIs (rilpivirine/FTC/TDF),hiv_antiretroviral,Oral,2011,HIV,curated_reference,distinct_product
Stribild,INSTI plus booster plus two NRTIs (elvitegravir/cobicistat/FTC/TDF),hiv_antiretroviral,Oral,2012,HIV,curated_reference,distinct_product
Genvoya,INSTI plus booster plus two NRTIs (elvitegravir/cobicistat/FTC/TAF),hiv_antiretroviral,Oral,2015,HIV,curated_reference,distinct_product
Descovy,Two NRTIs (FTC/TAF),hiv_antiretroviral,Oral,2016,HIV,curated_reference,distinct_product
Odefsey,NNRTI plus two NRTIs (rilpivirine/FTC/TAF),hiv_antiretroviral,Oral,2016,HIV,curated_reference,distinct_product
Biktarvy,INSTI plus two NRTIs (bictegravir/FTC/TAF),hiv_antiretroviral,Oral,2018,HIV,curated_reference,distinct_product
Harvoni,NS5A inhibitor plus NS5B polymerase inhibitor,hcv_direct_acting_antiviral,Oral,2014,Hepatitis C,curated_reference,distinct_product
Epclusa,NS5A inhibitor plus NS5B polymerase inhibitor,hcv_direct_acting_antiviral,Oral,2016,Hepatitis C,curated_reference,distinct_product
Ranexa,Late sodium current inhibitor,antianginal,Oral,2006,Chronic angina,curated_reference,distinct_product
Xarelto,Factor Xa inhibitor,anticoagulant,Oral,2011,Thrombosis,curated_reference,distinct_product
Remicade,TNF-alpha inhibitor,tnf_inhibitor,Intravenous,1998,Immune-mediated inflammatory disease,curated_reference,distinct_product
Simponi,TNF-alpha inhibitor,tnf_inhibitor,Subcutaneous,2009,Immune-mediated inflammatory disease,curated_reference,distinct_product
Stelara,IL-12/IL-23 p40 inhibitor,interleukin_inhibitor,Subcutaneous,2009,Immune-mediated inflammatory disease,curated_reference,distinct_product
Tremfya,IL-23 p19 inhibitor,interleukin_inhibitor,Subcutaneous,2017,Immune-mediated inflammatory disease,curated_reference,distinct_product
Velcade,Proteasome inhibitor,proteasome_inhibitor,Intravenous,2003,Oncology (haematological),curated_reference,distinct_product
Zytiga,CYP17 inhibitor,androgen_axis_inhibitor,Oral,2011,Oncology (solid),curated_reference,distinct_product
Imbruvica,BTK inhibitor,kinase_inhibitor,Oral,2013,Oncology (haematological),curated_reference,distinct_product
Darzalex,Anti-CD38 monoclonal antibody,monoclonal_antibody,Intravenous,2015,Oncology (haematological),curated_reference,distinct_product
Erleada,Androgen receptor inhibitor,androgen_axis_inhibitor,Oral,2018,Oncology (solid),curated_reference,distinct_product
Invega Sustenna,D2/5-HT2A antagonist long-acting injectable,atypical_antipsychotic,Intramuscular,2009,Schizophrenia,curated_reference,distinct_product
Invokana,SGLT2 inhibitor,sglt2_inhibition,Oral,2013,Type 2 diabetes,curated_reference,distinct_product
Procrit,Erythropoiesis-stimulating agent,erythropoietin_receptor_agonism,Parenteral,1989,Anemia,curated_reference,distinct_product
Concerta,Dopamine and norepinephrine reuptake inhibitor (extended release),cns_stimulant,Oral,2000,ADHD,curated_reference,distinct_product
Mounjaro,Dual GIP/GLP-1 receptor agonist (tirzepatide),incretin_agonist,Subcutaneous,2022,Type 2 diabetes,curated_reference,distinct_product
Zepbound,Dual GIP/GLP-1 receptor agonist (tirzepatide),incretin_agonist,Subcutaneous,2023,Obesity,curated_reference,distinct_product
Trulicity,GLP-1 receptor agonist,incretin_agonist,Subcutaneous,2014,Type 2 diabetes,curated_reference,distinct_product
Jardiance,SGLT2 inhibitor,sglt2_inhibitor,Oral,2014,Type 2 diabetes,curated_reference,distinct_product
Humalog,Rapid-acting insulin analogue,insulin,Subcutaneous,1996,Diabetes,curated_reference,distinct_product
Humulin,Recombinant human insulin,insulin,Subcutaneous,1982,Diabetes,curated_reference,distinct_product
Basaglar,Long-acting insulin analogue (follow-on insulin glargine),insulin,Subcutaneous,2014,Diabetes,curated_reference,distinct_product
Verzenio,CDK4/6 inhibitor,kinase_inhibitor,Oral,2017,Oncology (solid),curated_reference,distinct_product
Alimta,Antifolate antimetabolite,antimetabolite,Intravenous,2004,Oncology (solid),curated_reference,distinct_product
Cyramza,Anti-VEGFR2 monoclonal antibody,monoclonal_antibody,Intravenous,2014,Oncology (solid),curated_reference,distinct_product
Retevmo,RET kinase inhibitor,kinase_inhibitor,Oral,2020,Oncology (solid),curated_reference,distinct_product
Taltz,IL-17A inhibitor,interleukin_inhibitor,Subcutaneous,2016,Immune-mediated inflammatory disease,curated_reference,distinct_product
Olumiant,JAK1/JAK2 inhibitor,kinase_inhibitor,Oral,2017,Immune-mediated inflammatory disease,curated_reference,distinct_product
Emgality,Anti-CGRP monoclonal antibody,monoclonal_antibody,Subcutaneous,2018,Migraine,curated_reference,distinct_product
Forteo,Parathyroid hormone analogue (anabolic),bone_anabolic,Subcutaneous,2002,Osteoporosis,curated_reference,distinct_product
Cialis,PDE5 inhibitor,nitric_oxide_pathway,Oral,2002,Erectile dysfunction and BPH,curated_reference,distinct_product
Eylea,VEGF trap (VEGF-A / PlGF inhibitor),vegf_inhibitor,Intravitreal,2011,Ophthalmology (retina),curated_reference,distinct_product
Libtayo,PD-1 inhibitor,immune_checkpoint_inhibitor,Intravenous,2018,Oncology (solid),curated_reference,distinct_product
Gardasil 9,"HPV L1 virus-like-particle vaccine (types 6, 11, 16, 18, 31, 33, 45, 52, 58)",hpv_vaccine,Intramuscular,2014,HPV-related cancers and disease (vaccine),curated_reference,distinct_product
Januvia,DPP-4 inhibitor,dpp4_inhibitor,Oral,2006,Type 2 diabetes,curated_reference,distinct_product
Keytruda,PD-1 inhibitor,immune_checkpoint_inhibitor,Intravenous,2014,Oncology (solid),curated_reference,distinct_product
Vaxneuvance,15-valent pneumococcal polysaccharide-CRM197 conjugate vaccine,pneumococcal_conjugate_vaccine,Intramuscular,2021,Pneumococcal disease (vaccine),curated_reference,distinct_product
Abrysvo,bivalent RSV prefusion F protein subunit vaccine,recombinant_protein_vaccine,Intramuscular,2023,Infectious disease (RSV vaccine),curated_reference,distinct_product
Comirnaty,nucleoside-modified mRNA vaccine encoding SARS-CoV-2 spike protein,mrna_vaccine,Intramuscular,2021,Infectious disease (COVID-19 vaccine),curated_reference,distinct_product
Ibrance,CDK4/6 inhibitor,cdk4_6_inhibitor,Oral,2015,Oncology (breast cancer),curated_reference,distinct_product
Lorbrena,third-generation ALK/ROS1 tyrosine kinase inhibitor,alk_inhibitor,Oral,2018,"Oncology (lung cancer, ALK-positive NSCLC)",curated_reference,distinct_product
Prevnar 20,20-valent pneumococcal polysaccharide-CRM197 conjugate vaccine,pneumococcal_conjugate_vaccine,Intramuscular,2021,Infectious disease (pneumococcal vaccine),curated_reference,distinct_product
Vyndaqel / Vyndamax,transthyretin (TTR) stabilizer,ttr_stabilizer,Oral,2019,Cardiology (transthyretin amyloid cardiomyopathy),curated_reference,distinct_product
Eliquis,direct factor Xa inhibitor,factor_xa_inhibitor,Oral,2012,"Anticoagulation (stroke prevention in atrial fibrillation, VTE)",curated_reference,distinct_product
Opdivo,PD-1 inhibitor,pd1_inhibitor,Intravenous,2014,Oncology (solid and hematologic),curated_reference,distinct_product
Orencia,selective T-cell costimulation modulator (CTLA-4 Ig fusion protein),t_cell_costimulation_modulator,Intravenous,2005,Rheumatology (rheumatoid arthritis),curated_reference,distinct_product
Sotyktu,selective allosteric TYK2 inhibitor,tyk2_inhibitor,Oral,2022,Dermatology (plaque psoriasis),curated_reference,distinct_product
Yervoy,CTLA-4 inhibitor,ctla4_inhibitor,Intravenous,2011,Oncology (solid),curated_reference,distinct_product
Abecma,BCMA-directed genetically modified autologous T cell immunotherapy,bcma_car_t,Intravenous,2021,Oncology (hematologic),curated_reference,distinct_product
Breyanzi,CD19-directed genetically modified autologous T cell immunotherapy,cd19_car_t,Intravenous,2021,Oncology (hematologic),curated_reference,distinct_product
Krazati,KRAS G12C inhibitor,kras_g12c_inhibitor,Oral,2022,Oncology (solid),curated_reference,distinct_product
Pomalyst,Immunomodulatory agent (cereblon E3 ligase modulator),cereblon_e3_ligase_modulator,Oral,2013,Oncology (hematologic),curated_reference,distinct_product
Revlimid,Immunomodulatory agent (cereblon E3 ligase modulator),cereblon_e3_ligase_modulator,Oral,2005,Oncology (hematologic),curated_reference,distinct_product
Nurtec ODT,Calcitonin gene-related peptide (CGRP) receptor antagonist,cgrp_receptor_antagonist,Oral,2020,Neurology (migraine),curated_reference,distinct_product
Cibinqo,Janus kinase 1 (JAK1) inhibitor,jak_inhibitor,Oral,2022,Inflammation & immunology (atopic dermatitis),curated_reference,distinct_product
Velsipity,Sphingosine 1-phosphate (S1P) receptor modulator,s1p_receptor_modulator,Oral,2023,Inflammation & immunology (ulcerative colitis),curated_reference,distinct_product
Xeljanz,Janus kinase (JAK) inhibitor,jak_inhibitor,Oral,2012,Inflammation & immunology (rheumatoid arthritis),curated_reference,distinct_product
Adcetris,CD30-directed antibody-drug conjugate,cd30_directed_adc,Intravenous,2011,Oncology (hematologic),curated_reference,distinct_product
Padcev,Nectin-4-directed antibody-drug conjugate,nectin4_directed_adc,Intravenous,2019,Oncology (solid),curated_reference,distinct_product
Ozempic,GLP-1 receptor agonist,glp1_receptor_agonist,Subcutaneous,2017,Type 2 diabetes,curated_reference,distinct_product
Rybelsus,GLP-1 receptor agonist,glp1_receptor_agonist,Oral,2019,Type 2 diabetes,curated_reference,distinct_product
Saxenda,GLP-1 receptor agonist,glp1_receptor_agonist,Subcutaneous,2014,Obesity / chronic weight management,curated_reference,distinct_product
Tresiba,Ultra-long-acting basal insulin analogue,basal_insulin_analogue,Subcutaneous,2015,Diabetes (insulin),curated_reference,distinct_product
Victoza,GLP-1 receptor agonist,glp1_receptor_agonist,Subcutaneous,2010,Type 2 diabetes,curated_reference,distinct_product
Wegovy,GLP-1 receptor agonist,glp1_receptor_agonist,Subcutaneous,2021,Obesity / chronic weight management,curated_reference,distinct_product
Esperoct,"Recombinant factor VIII, glycoPEGylated",factor_viii_replacement,Intravenous,2019,Hemophilia A,curated_reference,distinct_product
Elahere,Folate receptor alpha (FRalpha)-directed antibody-drug conjugate,fra_directed_adc,Intravenous,2022,Oncology (solid; ovarian cancer),curated_reference,distinct_product
Humira,TNF-alpha inhibitor,tnf_inhibitor,Subcutaneous,2002,Immunology (rheumatology / inflammatory disease),curated_reference,distinct_product
Linzess,Guanylate cyclase-C agonist,guanylate_cyclase_c_agonist,Oral,2012,Gastroenterology (IBS-C / chronic idiopathic constipation),curated_reference,distinct_product
Mavyret,HCV NS3/4A protease inhibitor (glecaprevir) plus NS5A inhibitor (pibrentasvir),hcv_ns3_4a_ns5a_combination,Oral,2017,Infectious disease (hepatitis C),curated_reference,distinct_product
Rinvoq,Janus kinase 1 (JAK1) inhibitor,jak_inhibitor,Oral,2019,Immunology (rheumatology / dermatology / gastroenterology),curated_reference,distinct_product
Skyrizi,Interleukin-23 (p19) inhibitor,il23_inhibitor,Subcutaneous,2019,Immunology (dermatology / gastroenterology),curated_reference,distinct_product
Ubrelvy,Calcitonin gene-related peptide (CGRP) receptor antagonist,cgrp_receptor_antagonist,Oral,2019,Neuroscience (migraine),curated_reference,distinct_product
Venclexta,BCL-2 inhibitor,bcl2_inhibitor,Oral,2016,Oncology (hematologic),curated_reference,distinct_product
Vraylar,Dopamine D3/D2 receptor partial agonist (atypical antipsychotic),dopamine_d3_d2_partial_agonist,Oral,2015,Neuroscience (psychiatry),curated_reference,distinct_product
Restasis,Calcineurin inhibitor immunomodulator (cyclosporine),calcineurin_inhibitor,Topical ophthalmic,2002,Ophthalmology (dry eye disease),curated_reference,distinct_product
Blincyto,"CD19-directed CD3 T-cell engager (bispecific, BiTE)",bispecific_t_cell_engager,Intravenous,2014,Oncology (hematologic: acute lymphoblastic leukemia),curated_reference,distinct_product
Enbrel,TNF-alpha blocker (soluble TNF receptor fusion protein),tnf_inhibitor,Subcutaneous,1998,"Immunology/inflammation (rheumatoid arthritis, psoriatic arthritis, plaque psoriasis)",curated_reference,distinct_product
Kyprolis,Proteasome inhibitor,proteasome_inhibitor,Intravenous,2012,Oncology (hematologic: multiple myeloma),curated_reference,distinct_product
Lumakras,KRAS G12C inhibitor,kras_g12c_inhibitor,Oral,2021,Oncology (solid: KRAS G12C-mutated non-small cell lung cancer),curated_reference,distinct_product
Otezla,Phosphodiesterase 4 (PDE4) inhibitor,pde4_inhibitor,Oral,2014,"Immunology/inflammation (psoriatic arthritis, plaque psoriasis, Behcet's disease)",curated_reference,distinct_product
Repatha,PCSK9 inhibitor (monoclonal antibody),pcsk9_inhibitor,Subcutaneous,2015,Cardiovascular (hyperlipidemia / LDL-C lowering),curated_reference,distinct_product
Uplizna,CD19-directed cytolytic antibody (B-cell depleting),cd19_directed_antibody,Intravenous,2020,Neuroimmunology (neuromyelitis optica spectrum disorder; also IgG4-related disease),curated_reference,distinct_product
Brukinsa,Bruton's tyrosine kinase (BTK) inhibitor,btk_inhibitor,Oral,2019,Oncology (hematologic),curated_reference,distinct_product
Cabometyx,"multi-targeted receptor tyrosine kinase inhibitor (VEGFR, MET, AXL, RET)",multikinase_tki,Oral,2016,Oncology (solid),curated_reference,distinct_product
Livdelzi,peroxisome proliferator-activated receptor delta (PPAR-delta) agonist,ppar_delta_agonist,Oral,2024,Hepatology (primary biliary cholangitis),curated_reference,distinct_product
Trodelvy,"Trop-2-directed antibody-drug conjugate (SN-38, topoisomerase I inhibitor payload)",trop2_antibody_drug_conjugate,Intravenous,2020,Oncology (solid),curated_reference,distinct_product
Yescarta,CD19-directed genetically modified autologous T cell immunotherapy (CAR T),cd19_car_t,Intravenous,2017,Oncology (hematologic),curated_reference,distinct_product
Jakafi,JAK1/JAK2 inhibitor,jak1_jak2_inhibitor,Oral,2011,Oncology (hematologic),curated_reference,distinct_product
Rezdiffra,thyroid hormone receptor beta (THR-beta) selective agonist,thr_beta_agonist,Oral,2024,Hepatology (MASH/NASH),curated_reference,distinct_product
Spikevax,lipid nanoparticle-encapsulated mRNA vaccine encoding the SARS-CoV-2 spike glycoprotein,mrna_vaccine,Intramuscular,2022,"Infectious disease (vaccine, COVID-19)",curated_reference,distinct_product
Ingrezza,vesicular monoamine transporter 2 (VMAT2) inhibitor,vmat2_inhibitor,Oral,2017,Neurology (movement disorders),curated_reference,distinct_product
